t,vx_error,wz_error
0.09694623947143555,0.002181874088226705,-1.0208426013629404e-19
0.11996793746948242,-0.0002867510427664319,-1.6989893550355927e-25
0.15423107147216797,-0.006308117275296885,1.900051058194126e-17
0.18749213218688965,-0.008261788915409187,4.506553953414993e-23
0.2206096649169922,-0.00997888061069117,1.1539809020789925e-28
0.2530982494354248,-0.016994492232798957,8.073471322034287e-09
0.28694629669189453,-0.020785121700191107,5.055114361675271e-20
0.3207223415374756,-0.022338049101693878,1.2648476414708533e-25
0.3541996479034424,0.007182578310239353,6.577180853336445e-09
0.3881504535675049,0.0033599884275504806,4.096593239071584e-20
0.41944098472595215,0.00010963371585674572,2.5841294363040864e-31
0.4529118537902832,-0.003516467493960005,8.494003530916394e-09
0.4870564937591553,-0.008192500841347233,3.613315982476035e-20
0.5209660530090332,-0.00975738048358554,9.075250335014956e-26
0.5536582469940186,-0.0045524241007777085,-3.851692903257946e-09
0.587296724319458,-0.006531526142000914,-9.606676264448682e-15
0.6211380958557129,-0.009877171126183686,-6.020898645663945e-26
0.6528792381286621,-0.0027753042567915344,-2.258664060037635e-08
0.6863143444061279,-0.007452297088107405,-9.668350489159551e-20
0.71913743019104,-0.009081177204476163,-2.4179424781284197e-25
0.754361629486084,-0.005343709062650232,1.8168645204855519e-09
0.7869124412536621,-0.00808963125889016,3.024413081489031e-15
0.8212757110595703,-0.011197702071389346,1.893814741626409e-26
0.853473424911499,-0.012642591419637408,4.721956538899403e-32
0.886380672454834,-0.012574803026207086,-2.480313127063969e-16
0.9210934638977051,-0.014280636199937302,-6.1762848431480455e-22
0.9528615474700928,-0.017374712797933047,-3.86712624965027e-33
0.98769211769104,-0.0037696624611841703,6.013505496533205e-14
1.0212266445159912,-0.008010968180506242,2.5091052294535547e-25
1.0573060512542725,-0.009591080254796326,5.787934758754032e-31
1.0871121883392334,0.008865672056787288,2.1755289442220716e-19
1.119154930114746,0.0063415731497800994,3.589980652371161e-25
1.1539740562438965,0.003456648917078449,2.2750808050659536e-36
1.1879959106445312,-0.01832215180967478,-5.841330862418443e-20
1.2196338176727295,-0.02066808813709097,-9.783747603845475e-26
1.2520358562469482,-0.023801866121935158,-6.128900643230637e-37
1.2856574058532715,-0.01090009715335477,1.0799713410089656e-13
1.3208038806915283,-0.012708052466069363,2.701944959172816e-19
1.3547804355621338,-0.01666675747689096,4.499506908859342e-25
1.3867647647857666,-0.004826808593512642,-3.8188306060606336e-14
1.4189507961273193,-0.006398357403154267,-9.811972011284828e-20
1.454240322113037,-0.00870204080445244,-1.617730862669404e-25
1.4872376918792725,-0.0024208599317563713,-7.279663107155362e-15
1.5206236839294434,-0.005700597664183802,-4.5638951018464867e-26
1.5539660453796387,-0.007999034956572762,-7.603078694047914e-32
1.5881242752075195,-0.012490891718096283,7.437808622907184e-20
1.618720293045044,-0.01419383262983247,1.8601182229300782e-25
1.6524507999420166,-0.015623539744833244,4.6518497464304995e-31
1.6876657009124756,-0.009010708477067432,-2.619564131649018e-14
1.720442771911621,-0.012399539880302434,-1.6386883559082485e-25
1.7551465034484863,-0.013892247982787192,-4.013246347799356e-31
1.7874410152435303,-0.006158748099287428,-7.508448659990331e-15
1.819958209991455,-0.007925012595566761,-1.8831099170347163e-20
1.85994291305542,-0.010816790684232936,-1.17224740554959e-31
1.8867723941802979,-0.00419124743046843,3.767266485800244e-14
1.9208621978759766,-0.00754387702984202,2.3727604336362045e-25
1.9539053440093994,-0.010943603252752227,2.3727604336362045e-25
1.9893734455108643,-0.015306939152627005,-2.5013205097161463e-14
2.020132064819336,-0.018735596192425936,-1.562916897227433e-25
2.0526857376098633,-0.020995830422272314,-2.604366502679956e-31
2.0858893394470215,-0.01268472560742922,1.0278141884433802e-19
2.1195147037506104,-0.014453162952004729,2.5545568018760275e-25
2.154315233230591,-0.015852591395323135,6.430251855263259e-31
2.1864023208618164,-0.003856985569989569,-8.839529910630744e-15
2.2206757068634033,-0.007181424006690023,-5.543072926965516e-26
2.254154920578003,-0.00858663711792184,-1.3710047892979267e-31
2.286984920501709,-0.0053810983239724304,2.3843312355069398e-14
2.321232795715332,-0.007159424138231331,5.949389974086655e-20
2.352914571762085,-0.009974105301824078,3.727658672100219e-31
2.3873982429504395,0.0013945207037864135,-1.7641880538405616e-09
2.4211721420288086,-0.002145879952378378,-1.104048102882627e-20
2.454545259475708,-0.0036034594062909946,-2.733442549690361e-26
2.487051486968994,-0.013669025499165741,3.270880937975589e-14
2.520333766937256,-0.015569283554464101,8.174081379505782e-20
2.553516149520874,-0.018342225219032657,5.11295509945528e-31
2.587451219558716,0.004827891693897739,-3.6426581523276574e-09
2.619900703430176,0.000402931171244464,-1.5199336196055178e-20
2.653275728225708,-0.0010175645254457085,-3.7820286534982666e-26
2.6882712841033936,-0.0015346713513433726,5.581220146875021e-14
2.7210216522216797,-0.004257295313259511,9.302785595225336e-20
2.7532925605773926,-0.007179360398961078,5.828092042007801e-31
2.788388729095459,-0.018774032138763008,3.2246591707800264e-15
2.820676803588867,-0.021491793539974657,5.4237709958520886e-21
2.8533823490142822,-0.02309741006574334,1.3283755779478353e-26
2.887925386428833,-0.01166896386325349,3.4079992798179656e-14
2.92056941986084,-0.013547000753639807,8.514808107625379e-20
2.953510046005249,-0.017402847605202946,3.5534917926788123e-31
2.9862723350524902,-0.004133806838875784,7.727784105676902e-15
3.0206048488616943,-0.005888616969641774,7.727797563034134e-15
3.0538763999938965,-0.00822764808668217,7.711727601842957e-21
3.0873191356658936,0.0007129966922167855,8.71960314683351e-15
3.120694398880005,-0.0030119820583533637,1.0910315663882418e-20
3.1538610458374023,-0.005384798136475648,1.8182577232943532e-26
3.187025547027588,-0.00938836073763237,1.8508370443422474e-14
3.221086025238037,-0.011332286564879626,4.6227627767176307e-20
3.2545883655548096,-0.01290965048446509,1.1580791919431743e-25
3.2882790565490723,-0.004604716014614787,4.605326688592654e-14
3.322903871536255,-0.008386528780461458,2.873975051228267e-25
3.354696273803711,-0.009931268006737716,7.128256541647915e-31
3.388521909713745,-0.018047238825768232,-4.4371588785443436e-14
3.420865535736084,-0.019957781744314576,-1.1082461785527244e-19
3.4538190364837646,-0.023087687419586934,-6.909960263372425e-31
3.4889414310455322,-0.00553019534365874,-8.30437914180887e-09
3.525501012802124,-0.009993067571031428,-3.5547849490929863e-20
3.5642879009246826,-0.011425726374329653,-8.886695241382275e-26
3.586148500442505,-0.00419752064672832,-8.787284768035117e-12
3.6194348335266113,-0.00611540010884811,-2.1987082966571683e-17
3.654534339904785,-0.00930677197868203,-1.3731829010950954e-28
3.686840534210205,-0.03400623156884625,-3.834806312124142e-09
3.7218804359436035,-0.03865512888530276,-1.5798768763564863e-20
3.752535581588745,-0.040181884990196745,-3.9793326794205955e-26
3.786029577255249,0.0112739898627915,3.1206942286386707e-09
3.8208138942718506,0.008468350111571874,5.200404942412166e-15
3.852553129196167,0.005481782388440339,3.1941669175368577e-26
3.8869540691375732,0.0020420039972002743,2.0108893680114235e-37
3.923461437225342,-0.00029613481456318116,5.68803369130302e-14
3.9570000171661377,-0.0018528941839735095,1.417768347957052e-19
3.9884836673736572,-0.010338105391020789,2.534248223383037e-09
4.021596193313599,-0.0122505270685037,6.334239099720492e-15
4.053783416748047,-0.01651418362981972,2.6410879081184024e-26
4.087318658828735,0.004901440989880636,1.8808239183729812e-14
4.120206594467163,0.002942047875380122,4.692820072785528e-20
4.153412580490112,0.00032728148908777127,4.692524045237958e-20
4.186520338058472,0.00147641540526614,0.0010526456951221869
4.219996929168701,-0.0022344846266189066,1.329306605529509e-09
4.25310206413269,-0.004602248965779955,1.3280833077093945e-15
4.288923740386963,-0.0057561802259323246,-6.455460732900688e-14
4.319580316543579,-0.007606997733430002,-1.6373212760979072e-19
4.353909015655518,-0.009276906917987587,-4.0959284196894535e-25
4.390793323516846,-0.013156997823752068,-1.685260916810278e-36
4.418947458267212,-0.0013935866602708196,6.871126792805867e-20
4.453305244445801,-0.0030129918656425173,1.7103004501239175e-25
4.486992120742798,-0.004622886350710443,6.662567179022852e-14
4.5202202796936035,-0.006595560573949084,1.6626948407510088e-19
4.553000450134277,-0.009912938716373623,1.0398810880816654e-30
4.587286472320557,-0.005273546001528805,-1.761751240378362e-08
4.621050834655762,-0.009159115962641792,-1.1010834042035719e-19
4.652764558792114,-0.010858660845039362,-2.752663504287465e-25
4.686866760253906,-0.007982505889724257,-7.959769859713238e-09
4.719276428222656,-0.00995598815731282,-1.9808095226246527e-14
4.752226829528809,-0.0132359320018172,-1.2396387865025276e-25
4.786309719085693,-0.014764742923190638,-3.099233172406166e-31
4.820260047912598,-0.007410202681591161,1.1496845824240344e-15
4.853095531463623,-0.009086885460879188,2.861650282698233e-21
4.886746644973755,-0.03309286574031302,-5.7017796703702495e-09
4.920959711074829,-0.03583054948391536,-9.485737996440448e-15
4.953343391418457,-0.0391464168010906,-5.942852139625122e-26
4.987280368804932,0.006873253896557776,8.84912392369136e-12
5.020203590393066,0.004153275551663128,1.4818551276093403e-17
5.063616991043091,0.002440592219003768,3.650153898659755e-23
5.086219072341919,0.013894040124116299,-6.3913676924716445e-09
5.120270490646362,0.05154963639146901,-0.160000000000016
5.152766942977905,0.04723875919149388,-0.16
5.186762094497681,0.07158449063524945,-0.32
5.219807147979736,0.09275825444032856,-0.4800000285189236
5.2527687549591064,0.09021319830833724,-0.4800000285189236
5.290194272994995,0.09878717153949519,-0.5980282115023221
5.319594144821167,0.14107951780829645,-0.6683960386278128
5.352860689163208,0.1369107803702082,-0.6683960386278128
5.386462450027466,0.15608576321324993,-0.7852542825700736
5.420096158981323,0.16577034941743662,-0.6326925068318299
5.452310085296631,0.16404147088403165,-0.6326925068318299
5.485808610916138,0.1751782077079914,-0.704768350642865
5.520876169204712,0.1796550395887598,-0.26239165874770776
5.55308198928833,0.1763024298339953,-0.26239165874770776
5.586021661758423,0.17553148616148964,-0.26676342102340356
5.6197357177734375,0.06872117324867205,0.315761620879746
5.653542995452881,0.06669440305807944,0.315761620879746
5.689394950866699,0.05797283095351283,0.3347830127483373
5.722457408905029,-0.0340651335251346,0.5657252181744399
5.751955986022949,-0.04197518109866227,0.565743278661119
5.786286354064941,-0.05589147708247971,0.6547181717542281
5.820044279098511,-0.1376043107711467,0.29480635826884205
5.85322380065918,-0.14079868249983246,0.29480635826884205
5.887172222137451,-0.1449498721415472,0.28560895211240545
5.922950029373169,-0.22768320323227376,0.00300055148489653
5.952971458435059,-0.2354501564616162,0.0029739931951546783
5.987909555435181,-0.23608677260359745,-0.01491514884128331
6.020968198776245,-0.18933738072345319,-0.028956617371482363
6.052634239196777,-0.19260323029213872,-0.028956617371482363
6.087431192398071,-0.19932497880657507,-0.03588106776897382
6.121028184890747,-0.1437909239827599,0.20468528633898453
6.1532814502716064,-0.14680476234275175,0.20468528633898453
6.186864614486694,-0.15176604913510922,0.36468528633898456
6.221156120300293,-0.14839327427490945,0.7047920953396529
6.253974676132202,-0.15339519661432327,0.7047920953330102
6.286092758178711,-0.1662728370588366,0.8647920953272553
6.319571495056152,-0.10629949113942228,1.069883516222103
6.352825880050659,-0.11074860542711029,1.069883516222103
6.387662410736084,-0.11747073149017945,1.229883516222103
6.419750690460205,-0.11694596728495366,1.0905473861489763
6.452936172485352,-0.1247113496407321,1.0905473861489763
6.48761510848999,-0.13095828181981106,1.226495098808812
6.521310329437256,-0.047169230351845226,0.741824822456725
6.552637815475464,-0.05153382895805386,0.741824822456725
6.58808159828186,-0.05736730187923958,0.741824822456725
6.623582601547241,-0.03061116480625864,0.3000720149340895
6.6527674198150635,-0.037706126066132994,0.3000720149340895
6.68643856048584,-0.041040246081139625,0.23703190075839375
6.718835830688477,0.0283534382893319,-0.4596109149967632
6.753930568695068,0.026201687648707922,-0.4596109149967632
6.788773775100708,0.021903812665874406,-0.4596109149967632
6.819332599639893,0.013886945930535854,-0.9967309546110763
6.8519604206085205,0.01164138562783773,-0.9967342877629968
6.887216091156006,0.008422522024518903,-0.9967342471846226
6.9201483726501465,0.03926761076261878,-0.8642127429903146
6.952211856842041,0.036179177811336005,-0.8641878076261786
6.986083030700684,0.038147679405572205,-1.0241680237821362
7.019912958145142,0.041284271681790496,-0.5487519872260429
7.052531957626343,0.03810739288695386,-0.5487441088069083
7.087843179702759,0.03834686054968628,-0.7087441088069083
7.119749069213867,0.06803523082001549,-0.5499578681175924
7.153353214263916,0.06616561641958996,-0.5499578681175924
7.19066309928894,0.06171179685849881,-0.5499578681175924
7.218621253967285,0.08319230878504973,-0.22516393925334022
7.251898527145386,0.07972341588032934,-0.22516393925334022
7.2879109382629395,0.07559843682025913,-0.10763376082564402
7.319226503372192,0.047764783905466665,0.3957934284215818
7.352559566497803,0.04597486601653453,0.3957934284215818
7.3876848220825195,0.04270476189359797,0.39576003602010634
7.419743776321411,0.04082703304231278,0.6437361915758565
7.454000473022461,0.03918962334611925,0.6437166240641427
7.485856294631958,0.04009633665421236,0.6764256861635994
7.519659519195557,-0.011408306096774956,0.44027301322380863
7.552541255950928,-0.01278256936221936,0.44027301322380863
7.591651678085327,-0.01700583291751981,0.49139156590859256
7.620901346206665,-0.03250070864590063,0.09072609331241221
7.651833534240723,-0.03388644564899446,0.09072609331241221
7.687433242797852,-0.03271571294137149,0.2507207539862001
7.719877243041992,-0.028443671958632177,0.33532329094904645
7.75251841545105,-0.03186972914108935,0.31134184438453416
7.787496089935303,-0.032084142889523076,0.2900002374022824
7.8203370571136475,-0.07197649518258559,0.2176055347218952
7.853926420211792,-0.07499437115051116,0.2176055347218952
7.8870580196380615,-0.0783564976316235,0.2176055347218952
7.918653726577759,-0.10383987879884121,-0.015236533510840033
7.952434062957764,-0.1085334273891303,-0.015236533510840033
7.98853874206543,-0.11124590543301455,-0.015300533932008364
8.019307613372803,-0.04422910303050792,-0.5532387141368431
8.0519859790802,-0.04770642606720302,-0.5532229290855077
8.087398052215576,-0.05120543090189017,-0.5532229290855077
8.119718313217163,-0.02147162354070667,-0.6482915015501254
8.15224003791809,-0.025796524190732584,-0.6482915015501254
8.186489582061768,-0.031700723147965015,-0.6482783064141593
8.219683170318604,0.0076777634283859975,-0.3645710087650984
8.252460479736328,0.004101657402159342,-0.3645710087650984
8.28581190109253,0.0010265573968614161,-0.3761081620389193
8.3205406665802,0.001696588140876365,-0.13265077431964253
8.353299856185913,-0.003213978764942449,-0.13265244843427726
8.386977910995483,-0.00037154579075412975,-0.2926524484342773
8.41972541809082,0.005910359721257252,-0.3385386431018882
8.452798843383789,0.00423031044246211,-0.33852616700700927
8.48576307296753,-0.000286271148129541,-0.33852616700700927
8.521077871322632,0.01100302555432997,-0.2302629190776603
8.553613901138306,0.007975844626219142,-0.23024645451539016
8.586967945098877,0.0039861285565628846,-0.1781231195557384
8.61960744857788,0.03652388253753974,0.1564921528504407
8.653242588043213,0.034885304439116555,0.1564921528504407
8.686609268188477,0.03120584131177173,0.19373133549634525
8.720221042633057,0.027418861118443633,0.5638940203328716
8.753379106521606,0.025742442720005504,0.5638875777510396
8.786385774612427,0.033394479211631134,0.40388757775103956
8.819815158843994,-0.007057787114841951,0.23484524521839445
8.852647542953491,-0.007115791368145219,0.23481531703269942
8.886293888092041,-0.00734199975496469,0.15572304510868062
8.921544313430786,-0.007356278364379909,0.20407792000197955
8.954092979431152,-0.019177884295533076,-0.1900000356804209
8.986098766326904,-0.02254455386798182,-0.25966934195864966
9.02005672454834,-0.012312388288297532,-0.33598914952856224
9.053647994995117,-0.012463146956174037,-0.33598914952856224
9.086446046829224,-0.01958133111848348,-0.26469370933157127
9.119493007659912,-0.021154450959139426,-0.2646887146420586
9.152673482894897,-0.01850071581869328,-0.11400043606111665
9.188364505767822,-0.01902994361382257,-0.2651585507441127
9.219127655029297,-0.033481202041352964,0.2102018283765057
9.252127647399902,-0.03479350664894293,0.2102018283765057
9.28542685508728,-0.03594744993559121,0.2129830073277691
9.319793939590454,-0.033382394562149226,0.08098512400791436
9.352097034454346,-0.03138600905471134,0.33192862423619474
9.388018608093262,-0.03226365695423816,0.33633501681050504
9.419842004776001,-0.03665051683640386,0.39391948136052335
9.452571392059326,-0.017742567010075372,0.4951311393417148
9.485318899154663,-0.016996380788996845,0.40933675009382053
9.522069931030273,-0.023105719794207363,0.42693680941705026
9.553404808044434,-0.020588339852640303,0.10151809831871916
9.585766792297363,-0.02552797280080768,0.14704030341809649
9.623315334320068,-0.02843432398114093,0.17223079650123096
9.652888536453247,-0.009282440233968708,-0.12234834641243753
9.687448263168335,-0.007939199232118443,-0.234394170940178
9.720038414001465,-0.013225895489591938,-0.257594584095291
9.752532482147217,-0.013768566190333287,-0.3912434938334222
9.7858304977417,-0.01678056290444599,-0.40243857515360487
9.821810722351074,-0.02308304735240463,-0.32289282697684296
9.852538824081421,-0.01397086726148275,-0.12186146412071586
9.88647723197937,-0.01374229847519609,-0.21599811945137382
9.922622680664062,-0.020018138611288677,-0.15263888827124772
9.95452094078064,0.031654380277654465,0.1883033427848999
9.987593650817871,0.0275954032243923,0.20273666712190552
10.021263599395752,0.022129728325448128,0.31111108395006104
10.052247047424316,-0.00749869341954415,0.50674138158823
10.086843967437744,-0.012724009592952668,0.6061468490984534
10.119632720947266,-0.0115743519787187,0.5033130416300391
10.15338659286499,-0.017030331123080972,0.39447988541088286
10.185643911361694,-0.022816759143651083,0.4110638975805928
10.22171401977539,-0.029377284772031526,0.46301445887197856
10.25309157371521,-0.0028554283424111204,0.13367453880097324
10.2859468460083,-0.005183381353075972,0.050766381713927444
10.320073366165161,-0.006259944939192713,0.022229883167327102
10.35309386253357,-0.023221742874573514,-0.38731549830812756
10.386265277862549,-0.0311819080363952,-0.3590945724951694
10.423763036727905,-0.0330971586280949,-0.3685987176983482
10.452964305877686,0.003585981121399101,-0.39065493200376694
10.486471891403198,-0.0016222836212552993,-0.3727798797421421
10.523863554000854,-0.005217226746229792,-0.36288914459275856
10.553980827331543,0.037844295221218335,-0.09616804032900239
10.586216449737549,0.03919397281605558,-0.17567054405551352
10.620320796966553,0.033212865117767595,-0.13277837304490103
10.653863906860352,0.04167945706235207,0.1804727604568882
10.687175750732422,0.03743691786915637,0.19462123419651223
10.72041940689087,0.03227760451799967,0.2654838254631443
10.756278038024902,0.039221023382720516,0.31605791969189667
10.7873055934906,0.03469861984221341,0.37969845456967377
10.819746732711792,0.028272801890154492,0.4999449245441916
10.85307002067566,0.047056288213335976,0.48483888088249893
10.887061834335327,0.04788972319870809,0.40404319183580883
10.921027421951294,0.04464271925295757,0.43841265230280513
10.953242778778076,0.010484125834221814,0.17542487624948744
10.987083435058594,0.007392970693225517,0.2248271429902864
11.022226095199585,0.01370902698682068,0.06482714299028636
11.057969331741333,-0.0010756108631949507,-0.31665684575242764
11.08631443977356,-0.007292539438942647,-0.3760666595038368
11.11913537979126,-0.0032224197271319144,-0.446307455116172
11.152377128601074,-0.028108677717086555,-0.5007786222177718
11.188551664352417,-0.031183434541146304,-0.49315250594198445
11.21927785873413,-0.03209918024738184,-0.492290176126582
11.253019094467163,-0.002819556399378309,-0.38712087204040957
11.285366535186768,-0.0053629999920918325,-0.3768731894763247
11.319929838180542,-0.0095572420356633,-0.33985059883911767
11.352769613265991,0.009918890580243492,0.09390410374154556
11.386723041534424,0.007018288763122646,0.10111068118557964
11.41947603225708,0.00017301041338754763,0.17337128988870343
11.452361345291138,-0.013658036442305427,0.18070882961599743
11.487600088119507,-0.019545988573835188,0.20004461216446334
11.520476818084717,-0.02446447326537113,0.23572505521294052
11.565423727035522,-0.05814815458453865,0.24372435580779295
11.586543798446655,-0.06261191824526458,0.27682943116713743
11.619284629821777,-0.06565511486022335,0.23090091935536183
11.655348539352417,-0.015165376800533537,-0.06191892527288628
11.6852445602417,-0.020296384241074245,-0.02467499278730584
11.719979286193848,-0.025631336714517464,-0.011457841622297293
11.753298044204712,-0.017246210450671456,-0.2147412320057091
11.78650951385498,-0.023839484380410864,-0.18086956665311651
11.820972681045532,-0.028664982987940915,-0.17595063373838263
11.852279663085938,-0.002304061593608006,-0.1382129378584544
11.886898756027222,-0.008204696000950612,-0.11321683600222271
11.92293667793274,-0.01824641830830742,0.0389590524169286
11.952888488769531,0.011288839158864264,0.22396329394086822
11.987357378005981,-0.0008789666618791575,0.332432428672537
12.021287679672241,-0.00925775954648797,0.46220807108990825
12.052955627441406,-0.00015656095177880164,0.484245761309676
12.087067365646362,-0.0038359327303644775,0.5763345584393667
12.120801210403442,-0.0027333647568050998,0.6604822557540304
12.152537107467651,0.009660720913132546,0.5032299155544939
12.185410737991333,0.011208232665564179,0.5613359246453626
12.219863891601562,0.01639290223934913,0.5300819162330015
12.253511428833008,0.033415551862611526,0.19632778477214513
12.28673505783081,0.034600596725880825,0.2030940593435639
12.319121837615967,0.03835348903419132,0.15035834323905645
12.353668928146362,0.007466433251275467,-0.23027583855970835
12.385641813278198,0.008908432158849712,-0.2546357735609263
12.421188831329346,0.01154191990932285,-0.3660165851576669
12.455999374389648,-0.008781072450284186,-0.6346461256495572
12.486574172973633,-0.0074895647716346075,-0.7114615967026807
12.522093296051025,-0.006784624324698785,-0.799221395943941
12.553781986236572,-0.003903595783725164,-0.7623376924173593
12.587547063827515,-0.0035890992717696746,-0.8487386036293267
12.619481325149536,-0.0038254574066727554,-0.9269093799965142
12.653823852539062,0.038559321377204414,-0.6582498393946565
12.685790538787842,0.0375275351146785,-0.7006966700892663
12.720335960388184,0.036020941865459566,-0.6911613574366784
12.753090620040894,0.0321338434150122,-0.12988153741658337
12.787152290344238,0.03135757981247769,-0.1400520567685426
12.820700407028198,0.02842489220910343,-0.07626124479583138
12.8525390625,0.027903630394280017,-0.07624916479256386
12.888787984848022,0.029996608871094576,0.12222221361442726
12.920189380645752,0.029913032028291184,0.1434211330448007
12.954919338226318,0.029937316486229007,0.18127029294553054
12.987231969833374,0.036030909948259957,0.22305537939648568
13.019547462463379,0.03944571595936412,0.18241422057728707
13.05526614189148,0.04075594738640857,0.18241422057728707
13.08748459815979,0.019008647716095797,0.1885160700372565
13.120775699615479,0.018537719945112482,0.21565554806162013
13.153465509414673,0.02210921710747584,0.21565236223988815
13.186398267745972,-0.005019663708259001,0.13060013225121964
13.220559120178223,-0.005576974051163169,0.19240950068278778
13.253655672073364,-0.0046643925665790995,0.19241944014606333
13.28570294380188,-0.0017103468756810083,0.04841072968815267
13.319880723953247,-0.001407337717020743,0.08371388278596822
13.3526451587677,0.0007780187889583068,0.08371388278575304
13.385808229446411,-0.01616061651428896,0.01862419444325482
13.419928312301636,-0.01635627838313368,0.02472040323124812
13.453401803970337,-0.015112262389498782,0.04333293431015958
13.486229658126831,-0.0063557299799399045,0.038475204279122724
13.519733190536499,-0.0061064059728357795,0.04459711166529255
13.556539297103882,-0.004818684606122232,0.04459711166529255
13.58746862411499,-0.014731849283636037,-0.021234861741860983
13.619611501693726,-0.013451277572352788,-0.009041961282481591
13.653002500534058,-0.013544227435805148,-0.009041961282481586
13.686670780181885,-0.01765219336783458,-0.01354156187369891
13.720234155654907,-0.018638038007968954,-0.018452154943425142
13.755045652389526,-0.01869235761878131,-0.018452156335111904
13.786928653717041,-0.0044069880174530465,-0.02088773031653919
13.82308316230774,-0.0062568529413647225,0.0504359416663748
13.854031085968018,-0.0062684854676555365,0.0504359416663748
13.88946270942688,-0.015277342330200797,0.09217968059895726
13.919273614883423,-0.01558308998312824,0.11352618260501118
13.954847812652588,-0.01622856180690553,0.11352619528769536
13.99245810508728,9.723689494618715e-05,0.12138098848718666
14.019760131835938,-0.00027742614461391535,0.1209066621746447
14.052611112594604,-0.0005766457403044364,0.1209066621746447
14.08735966682434,-0.015488769732469584,0.0058796456627589755
14.120450019836426,-0.017386558208824315,-0.007707305358192432
14.154488563537598,-0.016130775574588183,-0.007707305360910341
14.18686580657959,0.03670087256002947,-0.06510529130821419
14.22243618965149,0.03540370245205918,-0.0894678616631458
14.2551908493042,0.034110125942254085,-0.07536788189502366
14.286313533782959,0.02946425992082276,-0.10727113994884799
14.320152044296265,0.02754811639367389,-0.1340445630267342
14.353912830352783,0.02620997925344408,-0.13404447095464814
14.38663935661316,0.041685063500870895,-0.1562489191698971
14.423081636428833,0.03916168771035727,-0.1764315352472606
14.452206373214722,0.03727684113458637,-0.1764315352472606
14.487414598464966,0.04870054543531354,-0.10603783386120051
14.523932456970215,0.04763583409144526,-0.13201384352812023
14.553285121917725,0.04575452618696953,-0.13201384352812023
14.585553407669067,0.017202832583929566,-0.08586272252691407
14.621240615844727,0.016198081840928788,-0.08945479644430299
14.655699968338013,0.012966068767244696,-0.08945479644430299
14.686579942703247,0.021748055743958137,-0.05251811255531495
14.720521450042725,0.020559657567537387,-0.05090623904781526
14.75449013710022,0.018507642427389455,-0.05090623904781526
14.78830075263977,-0.036393481026789354,-0.010917795381718776
14.82170057296753,-0.03719197480748296,0.011322264350691946
14.852806091308594,-0.04148775504874827,0.011322264354133457
14.885788440704346,-0.03894653048471572,0.005265700987552295
14.92228651046753,-0.040510167710695516,0.018239062127093482
14.954617261886597,-0.0422861717538931,0.018236236351275747
14.986213207244873,-0.031154138815605692,0.04008144396650935
15.019141912460327,-0.03239792258464452,0.04745069216299201
15.05399775505066,-0.03557916167997631,0.04745069216574878
15.090412616729736,-0.03708566098130067,0.052280444804546085
15.119428873062134,-0.03901670735308749,0.06334304255531187
15.154144287109375,-0.041450754153875946,0.06334304255531187
15.190459251403809,-0.029729740691830667,-0.0013331405381083756
15.220519542694092,-0.03235368976899204,-0.00999170097912496
15.2532958984375,-0.03602119941879332,-0.00999170097912496
15.28598427772522,-0.026560209260230727,0.008491992019131788
15.321256875991821,-0.029691613372495818,-0.002291132230311632
15.352782487869263,-0.03176510228165863,-0.002291132230311632
15.387189626693726,-0.008018121725666884,-0.0052371219898200965
15.420451402664185,-0.00627938283564302,-0.01993198692802015
15.455349206924438,-0.010070742131274416,-0.01993198692802015
15.485853672027588,-0.004139455642939785,-0.017851939162595067
15.520036935806274,-0.0013878312469971371,-0.025654813012463813
15.553778648376465,-0.0035227725472526256,-0.02895484865140648
15.587638139724731,0.0016341395113124435,-0.05068955202578548
15.620682001113892,0.008665728684363758,-0.050634764181366
15.65316915512085,0.007311406991144256,-0.050634764182690285
15.687315464019775,0.043931711422911676,-0.025682089327875388
15.720564126968384,0.05113893781656296,-0.01925937085994414
15.753262519836426,0.04999935243717971,-0.009459398520432621
15.785838842391968,0.07280315091489951,0.00361543692143515
15.820475101470947,0.07900723070971588,0.003935326082215758
15.85282039642334,0.07679341315339999,0.003935326082215758
15.887670755386353,0.05568326410610634,0.0030971279837779895
15.919562101364136,0.05807934086507251,0.025609904163679274
15.95287299156189,0.05688937391627635,0.025609904163679274
15.98797869682312,0.032184616304750197,0.01795727198337838
16.020087480545044,0.034713810065206324,0.0018882221990330454
16.053112030029297,0.03230976384092074,0.0018882118165626349
16.090481281280518,-0.013569704653289771,0.0009106733058325154
16.121140241622925,-0.01355268861228362,-0.001041834518338819
16.153143167495728,-0.014967950031350957,-0.0021396817966232284
16.18759846687317,-0.039829988562211094,-0.025667589410256302
16.220991373062134,-0.03892054827980196,-0.025251081698622262
16.252624034881592,-0.04189685097716658,-0.025251081698622262
16.285716772079468,-0.049192424964918546,-0.016377467446708174
16.32016134262085,-0.049345317381679965,-0.008188018010676892
16.35548996925354,-0.05171082914601993,0.007278359951652661
16.388203859329224,-0.04742460163839857,0.008232233299592431
16.420684814453125,-0.04758782166566525,0.013900444096604283
16.45558452606201,-0.049486468265123346,-0.006353410126373714
16.488399982452393,-0.057474298698919124,0.01804961345608022
16.521984100341797,-0.06173900643160507,0.0483062837397268
16.553139209747314,-0.06410843988251996,0.04830628373947006
16.58706021308899,-0.07415266560240108,0.03258215240167332
16.621761560440063,-0.07467985869971669,0.03838970861362172
16.652464628219604,-0.07807862187930845,0.038389708613822675
16.687702417373657,-0.05254425778659516,0.043622118016208675
16.71985936164856,-0.053245199688938344,0.04727685472436533
16.752525568008423,-0.057718760639592304,0.04727685472436533
16.789966583251953,-0.0630978616044742,0.05028270184993759
16.82033944129944,-0.06597729272560404,0.04482100140896305
16.852985858917236,-0.06965685109524697,0.044816470806355244
16.88525676727295,-0.002044181212899676,0.021955827940706267
16.92080521583557,-0.00358859484270721,0.022353502680067076
16.954437255859375,-0.009523929216867871,0.0008370379886106297
16.98669934272766,0.0013490999729268427,-0.0027037634488962653
17.020710229873657,0.00021612520670827307,-0.003443743939717761
17.05286192893982,-0.003359817911520624,-0.012143749200886969
17.087356090545654,0.0010378381650954782,-0.00623215264483367
17.12016987800598,0.0002611714706622914,-0.007649363357776898
17.1543185710907,-0.0046358788019383035,-0.036469449852897864
17.185085773468018,-0.00811985523951278,-0.03804665580888007
17.22002911567688,0.024628155128445434,-0.05294107625433178
17.252267599105835,0.02160907770770476,-0.05294107625433178
17.28620219230652,0.028502267507661883,-0.021334976346757517
17.319801092147827,0.027334176485600242,-0.023571771027114496
17.353775024414062,0.023097577332881092,-0.023571771027114496
17.387521743774414,0.002309550632526386,-0.003070705702129438
17.419507265090942,0.00014668485823579602,-0.005503633191410139
17.452818632125854,-0.0016968680721483886,-0.005503633191410139
17.487828731536865,-0.005505092827905983,-0.03712474688258534
17.51990270614624,0.009787274880956987,-0.035359736355166385
17.554595232009888,0.007373445219920727,-0.035366109472333915
17.586968898773193,0.0056242083860056635,-0.05122717257317891
17.61976933479309,-0.02484098538057447,-0.05301759953366032
17.65213918685913,-0.02639259131543978,-0.05301759953366032
17.68911910057068,-0.009516018837620432,-0.03440312612715604
17.720060110092163,-0.009085216176133032,-0.03546204203863905
17.756184577941895,-0.009272693785840919,-0.028554187260402986
17.787002563476562,-0.00898133405718124,-0.029426897981201676
17.820844411849976,-0.018242074077168685,-0.011549606841420416
17.85455298423767,-0.018584038438340084,-0.015949589392194867
17.88687229156494,-0.018907777135382664,0.0015503822113734807
17.92019510269165,-0.05912956183693541,0.0004069934302122803
17.953091859817505,-0.059337067051046216,-0.015992958869847564
17.989362239837646,-0.05923981113134599,-0.01646874549618653
18.021073818206787,-0.016430899128324294,-0.010729458036338069
18.05276870727539,-0.016355033499343002,-0.022330107922837725
18.089017629623413,-0.016414773800593696,-0.02258588821737527
18.119876623153687,-0.012269402099023663,-0.014085857349919004
18.152558088302612,-0.011792562020414232,-0.014086595759648442
18.18521022796631,-0.012173014888701317,-0.014185119738144951
18.22006893157959,0.013536237669299261,0.021542267218764264
18.253999948501587,0.013755146847897665,0.021542267218764264
18.286181211471558,0.014797728216674827,0.021445719525202904
18.319356441497803,0.013728259034320206,0.04471292383528315
18.35481548309326,0.014015324008462282,0.04471292383528315
18.39177703857422,0.014118404714167115,0.07191293427615213
18.42041826248169,0.00411820416284156,0.07148317008538227
18.453831672668457,0.005058234487661573,0.04799576222904893
18.486909866333008,0.005943459511295712,0.021387130199046023
18.525306940078735,0.02480865273840918,0.021378497176084622
18.552928686141968,0.025282486039845037,0.021378497176135613
18.587123155593872,0.026638452259492934,0.040260300050782655
18.62046480178833,0.010165598074540816,0.02132766145146611
18.652886152267456,0.010492577843802059,0.02132765203716673
18.68628168106079,0.011326983514009875,0.021216440945886737
18.719339609146118,0.006460788847789639,-0.026383533447222482
18.752875804901123,0.007186298167485339,-0.03728354566197751
18.786786794662476,0.007633792534153194,-0.03735642724137661
18.820061445236206,-0.0009593757920306478,-0.010513338665962546
18.8528413772583,-0.00017697739797020717,-0.013512919752765605
18.88999843597412,0.0003054425539366634,-0.013512919752765605
18.923202514648438,0.0012329850408461518,-0.013661618440352276
18.954230546951294,0.0007591100253521721,-0.020261632602834673
18.987581968307495,0.0016903191185204391,-0.0072287592602127
19.02149248123169,0.01375781165301973,-0.0061287488772089616
19.054641485214233,0.014176106851710918,-0.01592872146024254
19.0914945602417,0.014639948050004042,-0.027985783229552058
19.119815826416016,-0.010902905588139056,-0.028952790985336138
19.15391230583191,-0.010502362053723957,-0.028952790985336138
19.185418605804443,-0.011440608937892921,-0.061871859044343
19.21895718574524,-0.010182315148604765,-0.0459539535340969
19.252442121505737,-0.009731140709296066,-0.045960265133987294
19.287648916244507,-0.009021786986162073,-0.01607123959491147
19.32083487510681,-0.01577158727726405,-0.014871018054385593
19.353984832763672,-0.01582147631743766,-0.014871018054385593
19.390947580337524,-0.0159309286115856,-0.0017865568939034113
19.42076301574707,-0.027466253080921155,0.020764727462528366
19.45257544517517,-0.027558105382343434,0.020764751359779617
19.487143516540527,-0.027682695767379445,0.020764751359779617
19.5196533203125,0.00042964650007681904,-0.0071073836316698676
19.553678274154663,0.0013872585670444693,-0.0071073836316698676
19.5855393409729,-0.00011364625126461525,-0.012434381712930015
19.621551513671875,-0.02213110593206366,-0.0014578198515862138
19.652058601379395,-0.021891055190931707,-0.0014578198515862416
19.68953847885132,-0.021871181940014445,0.021120950468303413
19.719330549240112,0.00623157033872318,0.02112098605271758
19.752737760543823,0.0050998517457963854,0.02112098606152969
19.786065340042114,0.004481095374431948,0.00308035359094469
19.819872617721558,0.01375995001829336,0.004503921162020707
19.853280067443848,0.013905348100475973,0.0045036310603678575
19.886467695236206,0.015334828033349124,-0.025140656494711554
19.919865369796753,0.017594550775487994,-0.027249777245119906
19.95334219932556,0.017900451052543148,-0.05126365341869163
19.987517595291138,0.018262373502471396,-0.05111677826174538
20.019100189208984,0.005295705879284601,-0.043209948741455464
20.052876472473145,0.005806271989737211,-0.07174701112952207
20.09879207611084,-0.1182746464404483,-0.09339998159471308
20.125369548797607,-0.16531020363779333,-0.07379999624669241
20.152411460876465,-0.16562130398677666,-0.07379999622622982
20.1870276927948,-0.04057405387661028,0.08620000377377018
20.219531297683716,0.016100351420844067,0.26800000306536426
20.25266456604004,0.016126672510959367,0.26800000306536426
20.286238431930542,0.01619199327465301,0.42800000306536423
20.319254398345947,0.0454965896039419,0.6322874540307369
20.355178833007812,0.04567781906431273,0.6322874540307369
20.389599323272705,0.05904394006239419,0.792287454030737
20.421010971069336,0.1279294842265641,0.7690319808064395
20.452803134918213,0.13043882489491643,0.7689256477265243
20.486520528793335,0.14799487506814635,0.9289256477265243
20.520664930343628,0.06720357682742256,0.5296971375487405
20.554278135299683,0.06840159901582812,0.5296971375487405
20.587698698043823,0.06627581660315363,0.5137308413527566
20.618980884552002,0.06373194305441157,0.49551554270010767
20.653170824050903,0.06434495862624773,0.49551554270010767
20.690683126449585,0.05936059573423183,0.4637246901534158
20.71913433074951,0.05584662745870286,0.4434568459532815
20.752818822860718,0.05644054900718884,0.4434568459532815
20.78666114807129,0.0616382850861755,0.4620275074980813
20.820445775985718,-0.08192092937157958,-0.32186165659530275
20.852840662002563,-0.08182930367260077,-0.32186165659530275
20.886904001235962,-0.08678346364503975,-0.34702626078231447
20.920466661453247,-0.14948536394892853,-0.28075931115755415
20.951927423477173,-0.14938330104227882,-0.28075931115755415
20.98745059967041,-0.1539358136514959,-0.30206999822267866
21.02142834663391,-0.16343650011221733,-0.18340641618018605
21.052960872650146,-0.16333887326579782,-0.18340641618018605
21.091529607772827,-0.15284587584438158,-0.13149851918464162
21.121258974075317,-0.12625776721682963,-0.04192438409177557
21.152220487594604,-0.12599614336600562,-0.04192438409177557
21.186575651168823,-0.1217115943013744,-0.02226546094266668
21.21942710876465,-0.11183300655653028,-0.10033908539774195
21.252888679504395,-0.11125760422837955,-0.10033908539774195
21.288649797439575,-0.12129300655387903,-0.15299406701090112
21.320844411849976,-0.05925870870740835,-0.26957831286234013
21.355264902114868,-0.05844214626984756,-0.26957831286234013
21.387778520584106,-0.06679557960864851,-0.31551642950248215
21.421773672103882,-0.06399173780467526,-0.3505880526219205
21.45309567451477,-0.06268499579112013,-0.3505880526219205
21.48928427696228,-0.06942698730189817,-0.3567313944908632
21.52029299736023,-0.03560211414208864,-0.29477306487830957
21.554715633392334,-0.035999180885166404,-0.29477306487830957
21.58791971206665,-0.04642056653941323,-0.3335542905596145
21.62109065055847,0.012610177171209325,-0.08037732341511195
21.65299940109253,0.012333137923699639,-0.08037732341511195
21.691476821899414,0.010206833988534725,-0.09385274150593226
21.71963095664978,0.002973852048206299,-0.12155113914234583
21.753568172454834,0.025484429510198525,0.2151583483285353
21.786386013031006,0.028908544342698683,0.22147995734876846
21.822542190551758,0.026338539215609413,0.20734382177061295
21.852277517318726,0.024171485089062472,0.24231124622407962
21.88684391975403,0.014137206738776414,0.205264396496449
21.92007875442505,0.009577749795530194,0.18849564296785404
21.955187559127808,0.02620143073871653,0.10289980270199117
21.98806881904602,0.021729649114116734,0.09925673632953558
22.02240538597107,0.034409495048837224,0.1551003081984872
22.055583000183105,0.049917290973220424,-0.05864947299696743
22.088846921920776,0.04325953688952203,-0.07843608139661562
22.120630741119385,0.0396765607181348,-0.0783009858922602
22.152511596679688,0.06742823766634345,-0.07830098285708564
22.186251640319824,0.0635219127720888,-0.08974233284030098
22.222082376480103,0.06265960523169896,-0.09137478485140937
22.25432014465332,0.06760414077133468,-0.10239788936014882
22.2855863571167,0.07393283031798674,-0.07423546269855807
22.32149600982666,0.0677320407363172,-0.09812382873306535
22.354490041732788,0.042387315134852305,0.00962152839114172
22.387987852096558,0.037246789391138485,-0.017674180265169315
22.420540809631348,0.036992632394085206,-0.05247442383477374
22.45265245437622,0.036986182504120946,0.09178870467589684
22.48780632019043,0.03598064644367735,0.058789789435128026
22.522061824798584,0.04931980603928676,0.12588745331452256
22.55233407020569,0.014494480669831111,0.1557682842511975
22.585779428482056,0.006350291330953023,0.10885864318092942
22.62548017501831,0.0036881061464685283,0.09270315186301659
22.65315008163452,-0.008213378329528037,0.0692404750376392
22.690847635269165,-0.010620531302075076,0.029734678803044923
22.72020959854126,-0.011251593362306023,-0.0032618564981635734
22.75475764274597,0.0019228503049082135,-0.02656766308108527
22.787853479385376,0.011212737967048442,0.01647617502369647
22.820124864578247,0.004604538056606516,0.032998284532210875
22.852686405181885,-0.0027621897517849103,0.019547825199624058
22.886515378952026,-0.0056306896252763805,-0.011635357993582729
22.919636487960815,-0.003916290194694416,-0.02507239069316769
22.954477548599243,-0.048357319483438826,-0.013821936612053554
22.986587047576904,-0.047995918081882444,-0.03347728348247592
23.02351999282837,-0.047835541468857656,-0.07820323801509921
23.054718494415283,-0.05814440550508798,-0.012803241572936552
23.087194442749023,-0.05613277009930334,-0.008845292721470166
23.120394706726074,-0.056571414810284465,-0.019883715306003857
23.155665159225464,-0.03135471619161048,-0.02858368541283185
23.186732530593872,-0.0331380292161072,-0.05309875425030164
23.220234155654907,-0.03519102916206501,-0.10521759208370618
23.254282474517822,-0.011700720221580363,-0.10968661800190183
23.289045572280884,-0.01149349879994585,-0.19002306953235837
23.320799827575684,-0.01580009442341279,-0.256040805234378
23.352938890457153,-0.003236942422226524,-0.24658895982684315
23.387377500534058,-0.004166818655238741,-0.3421917106050414
23.41923213005066,-0.005055999134437772,-0.44677413953723133
23.455504894256592,0.014412177759421496,-0.2628301989451715
23.488662719726562,0.014733141528138843,-0.42283003591433876
23.519785404205322,0.015089670733834076,-0.4797426372330343
23.5534827709198,0.011888101683282415,-0.27939961919097145
23.592807054519653,0.011336696754178865,-0.3532214201545527
23.62487006187439,0.01033837649001157,-0.3546354360437205
23.65281653404236,0.027940292556021956,-0.1645576439750424
23.688532829284668,0.028300876350405443,-0.19182117763477124
23.72073745727539,0.02715455686972694,-0.1605682093622183
23.75437355041504,0.020607845503096037,0.04266391759701832
23.78719425201416,0.022503789025105594,0.05492706263224434
23.821299076080322,0.022570462638727667,0.12206732921234342
23.85319185256958,0.053914606607522494,0.468136493076589
23.88847827911377,0.05429458458887783,0.5161027661141894
23.920196533203125,0.05551292612477922,0.6164307850033748
23.955233573913574,0.039101257911800566,0.7090513193103718
23.98824191093445,0.03841110214718074,0.8081677713486599
24.019508123397827,0.04041429240770776,0.8560117044541287
24.052136659622192,0.03592913493625764,0.6727812883502903
24.0878324508667,0.03855117203113774,0.7340162691718998
24.122386932373047,0.04003377702406577,0.8017961096925901
24.156160593032837,0.008445301840677877,0.4355641559507184
24.186309576034546,0.009023176054550719,0.5047092989827924
24.221940755844116,0.00964198072036021,0.5139335945989423
24.254111528396606,0.03453232884719956,-0.06922871443461687
24.286515712738037,0.035966584904385174,-0.18848413798045427
24.319958448410034,0.036024330955903794,-0.26279014918040544
24.354705333709717,-0.0033168105253617297,-0.5195593216140606
24.38981342315674,-0.0036394672213848067,-0.6050198503454067
24.420053720474243,-0.003104404844123554,-0.692527642162595
24.453194618225098,-0.014367538754387454,-0.6965065175349295
24.48716449737549,-0.01542901934844193,-0.7613110509313534
24.519550800323486,-0.019209101908229526,-0.8425818266039871
24.553372859954834,-0.0472241512473785,-0.40378872463228627
24.587676286697388,-0.04798618537289792,-0.5266654320967428
24.620431184768677,-0.05150905943006073,-0.4896292665016882
24.65467095375061,-0.054957685847167204,-0.21298001473449812
24.686015129089355,-0.055057421697808584,-0.20788178359769927
24.719178438186646,-0.05547842319653182,-0.31230400269531355
24.755234956741333,-0.05043690987587143,-0.12127688891025108
24.785186767578125,-0.05001320780186305,-0.15640743440719168
24.81931972503662,-0.05299742983626801,-0.13949700238513066
24.8529155254364,-0.018318629954176158,0.3124733096148815
24.888657093048096,-0.01866241370389493,0.3399192690899695
24.920634031295776,-0.02133519960916519,0.4509995440875708
24.952616453170776,0.01612342254081081,0.6424703799451053
24.986027002334595,0.013586378355868622,0.7701423667634189
25.021215200424194,0.014020108083479255,0.8409039356077372
25.05716300010681,0.011532531312873795,0.8409025524025402
25.088481664657593,0.00308305751792462,0.9336278005045053
25.119341373443604,0.0032230015260505673,1.0183957977693674
25.15383219718933,0.0061044301539438794,0.6486838514109673
25.186205625534058,0.0076093892724526935,0.7493608964002461
25.22136640548706,0.00634986271425117,0.7752628599510298
25.253999948501587,0.006126535294370156,0.2778551035293236
25.288896799087524,0.008235496137701553,0.35097408652321693
25.321062803268433,0.005963601211852826,0.3522779848941
25.352598905563354,0.013721811919712001,-0.30430214179459714
25.386488437652588,0.01507687834794938,-0.3225548933273692
25.421197175979614,0.018547311527120025,-0.4825518154758469
25.454323530197144,0.0189470142440685,-0.4825518154758469
25.487312078475952,0.04230467778751254,-0.8999518009289342
25.52049469947815,0.04310480319346324,-1.0442136788423173
25.55253005027771,0.04408782274854128,-1.0442136788423173
25.592257976531982,0.013073637786811532,-1.0981865164721787
25.621124505996704,0.009130083200711403,-1.2581865164721786
25.6518976688385,0.009417803600105051,-0.7654608972459613
25.687442541122437,0.00752510994192096,-0.9254608972459613
25.71882462501526,0.0035207881887619197,-0.894318349966365
25.75607132911682,0.0012122757850561439,-0.3545498095322469
25.78640913963318,0.00417540323420168,-0.3930596064804189
25.820844888687134,0.0023690529148132633,-0.3183624397991292
25.852975845336914,0.00447448934621919,-0.3183624397991292
25.888712167739868,0.007069476300838928,-0.3903740000007741
25.920034408569336,0.007014176947628126,-0.44492933457955164
25.95473861694336,0.009476801550403813,-0.44492933457955164
25.988465785980225,0.012883350126651288,-0.4638086289749984
26.021538734436035,0.015345582428910015,-0.4703132838593368
26.054260730743408,0.016363110304225853,-0.4703132838593368
26.088059425354004,0.021857253060811405,-0.46220946708924177
26.119288444519043,0.02286552433733094,-0.45391918529891284
26.155132293701172,0.02525177504831852,-0.4691191472256412
26.185593605041504,0.022298786532633508,-0.3757639683926334
26.220736503601074,0.021525101877111347,-0.2857496651657664
26.25222134590149,0.022409273475779312,-0.2857496651657664
26.288687705993652,-0.052651158015282806,-0.21183201012623173
26.31936740875244,-0.050416175010562114,-0.1652996602326712
26.352636337280273,-0.048796579753052405,-0.1652996602326712
26.386119604110718,-0.05138282170254696,-0.13042309411515898
26.421066522598267,-0.05146155018584475,-0.058722133717438646
26.451757192611694,-0.05065265931005805,-0.058722133717438646
26.488256692886353,-0.011382931876635,0.0516424804400597
26.521066427230835,-0.016036645261494092,0.2116424804400597
26.554883241653442,-0.015173682549656231,0.22044245299728063
26.585351705551147,0.0053153414017946266,0.4008250890453432
26.620851516723633,0.006056721600389892,0.5608251104801526
26.655946731567383,0.007566083660218492,0.5608251104801526
26.687641859054565,0.019409804221747318,0.6772125089689911
26.719032764434814,0.025910580264877636,0.8159032011553466
26.755361795425415,0.027371080004544163,0.8159032011553466
26.786638498306274,0.03308366221455722,0.6865192924996524
26.82233452796936,0.03503610016997458,0.7679471050759463
26.852465391159058,0.037392737031126305,0.7679471050759463
26.89134383201599,0.01076109030747699,0.19518666782780558
26.91954779624939,0.007504118269104576,0.17888062515660197
26.952866315841675,0.008805050783517565,0.17888062515660197
26.987244367599487,0.015457440037570713,-0.5447370941710163
27.021162271499634,0.018849883709664145,-0.5445129211020161
27.053802013397217,0.020951083191598552,-0.544507043760355
27.08821415901184,-0.0043263312893251915,-1.151470674752146
27.12004518508911,0.001963981385227076,-1.3114680922467306
27.15764021873474,0.0020573833635948724,-1.3114690461273026
27.191600561141968,0.04196651734089771,-1.4818635930731925
27.220194816589355,0.039215251543962965,-1.6418635930731924
27.25401782989502,0.04059104723343898,-1.6418635930731924
27.290005922317505,0.04250011926558908,-1.477433725802257
27.319381713867188,0.03763732377990503,-1.637433725802257
27.354756593704224,0.03833549081808499,-1.637433725802257
27.387709140777588,0.037475270107224096,-1.797424616853826
27.423055171966553,0.03211188392099376,-1.9574330952604893
27.46168541908264,0.03566051131063308,-1.9574265036120364
27.487277507781982,0.03668954738372962,-2.1174265036120365
27.520036220550537,0.03647059877739492,-2.2774229567702013
27.55507183074951,0.035986287854016585,-2.2774259351418484
27.587676763534546,0.03515084723517373,-2.4123519216852114
27.62049913406372,0.03597895408104296,-2.4123519216852114
27.65311050415039,0.03832429446592267,-2.415546015389435
27.686898469924927,0.052328456997964984,-2.4545051758856933
27.719354152679443,0.056161859474258696,-2.468233913716809
27.753824472427368,0.05922930930295536,-2.468233913716809
27.787237644195557,0.061520061135319784,-2.4681228106589477
27.821603059768677,0.054729169994441884,-2.4283539956183593
27.85830068588257,0.05671925739688742,-2.4283539956183593
27.888471364974976,0.04710905874546298,-2.3670587124363394
27.91961932182312,0.04474426396147632,-2.3152738394276113
27.954818964004517,0.049852130687712076,-2.3152733171620667
27.987417459487915,0.05476187433479984,-2.266614946190387
28.022430181503296,0.06484300879967275,-2.37840804702428
28.05459713935852,0.06695660115873044,-2.37840804702428
28.088211059570312,0.07818146519855117,-2.4323470318951905
28.123064756393433,0.021305706391626697,-2.272347031895191
28.153727054595947,0.02484863748987841,-2.272347031895191
28.189385414123535,-0.060373976930034295,-0.6157742212109627
28.219618320465088,-0.09143295680501384,-0.45577422121096267
28.2533061504364,-0.08949122673116999,-0.45577422121096267
28.290950536727905,-0.06640097437694939,-0.004711186373260345
28.32079291343689,-0.06165826262134852,-0.08227403231861868
28.35609197616577,-0.05818500609234681,-0.08227403231861868
28.38737988471985,-0.04300077087298042,0.41190823222361195
28.42087435722351,-0.05869355032666601,0.5598011692877828
28.453250408172607,-0.057122374174016624,0.5598011692877828
28.489022731781006,-0.0444711911217006,0.6698642330608067
28.520014762878418,-0.03533135317661165,0.8298642330608067
28.554449558258057,-0.032089374264966164,0.8298642330608067
28.588286876678467,-0.005417610745053994,0.6464355167044159
28.62078285217285,0.00714127120159825,0.742470751632547
28.653048515319824,0.008897471012954926,0.742470751632547
28.687684774398804,0.09387747871163964,0.5373766854749744
28.719529628753662,0.125835815417441,0.6572251101968282
28.75373411178589,0.12964078762948905,0.6572246061787959
28.78810691833496,0.14996681908061363,0.5956433521733637
28.819578170776367,0.14468267131312915,0.10729782036420521
28.85213279724121,0.14651140796098794,0.10729782036420521
28.889284133911133,0.15606067409631097,0.02229277542707142
28.92304301261902,0.12212628426362038,-0.266231765022068
28.95409631729126,0.12510463737022226,-0.26622932018328094
28.98610520362854,0.12125091454763659,-0.3116040530913676
29.022106885910034,0.062379844386270755,-0.7011464553515415
29.054184913635254,0.06351480001178064,-0.7011464553515415
29.091333627700806,0.05637625507811192,-0.5411464553515415
29.12010359764099,0.0002973149157306787,-0.6043717308895542
29.15454387664795,0.0013276352672688119,-0.6043717308895542
29.18967843055725,-0.0015737213636332625,-0.5495397929644936
29.22114849090576,0.011990552105382399,-0.48150774582983136
29.253197193145752,0.014243943571388903,-0.43035205945135235
29.288119554519653,0.02685742770829834,-0.38670536622167706
29.320188522338867,-0.030126698053862866,0.18545545551844722
29.355168104171753,-0.028652923200491925,0.18545545551844722
29.386560440063477,-0.018940403563937364,0.20315368387766963
29.420994520187378,-0.012442752054422523,0.3340294409496486
29.455848455429077,-0.00995337214743372,0.3340294409496486
29.489058017730713,-0.005406838770233985,0.3470607516823357
29.518987894058228,0.0363073962782047,0.13351755446408653
29.555994272232056,0.037568167948512865,0.133548373703826
29.58665442466736,0.052792766380791264,0.1914544649170523
29.623263835906982,0.03615170224343764,-0.30063414737519434
29.652096033096313,0.03695639526103456,-0.3006339685356383
29.689056158065796,0.038108653517927873,-0.3901749269401793
29.720330715179443,0.012292232280841475,-0.6647924413214024
29.75595188140869,0.012746460610162297,-0.6647924413214024
29.786998510360718,0.01837254142363623,-0.8247924413214024
29.820898056030273,0.025801997486242623,-0.9813888057305049
29.854240894317627,0.025627852322335,-0.981374662485053
29.887336254119873,0.02632340432247693,-1.141374662485053
29.919523239135742,0.0312049165544718,-1.0588268916816022
29.95426917076111,0.030705390819347173,-1.058823628038282
29.98643970489502,0.027794115081444498,-1.1822251512707418
30.020683526992798,-0.0049305806687635345,-0.4911341195085024
30.052518129348755,-0.004935389487182529,-0.4911341195085024
30.088581323623657,-0.007087573092532884,-0.4404916794129585
30.120469093322754,-0.03627403768634807,-0.14303131222220544
30.155972719192505,-0.03634974844457883,-0.14303131222220544
30.18771004676819,-0.024502856291839514,0.01696868777779456
30.220914840698242,-0.01790588654052719,0.47580859373722806
30.252646923065186,-0.019734299011843204,0.47581067443664116
30.286919116973877,-0.01922971777389365,0.5994417941647295
30.319489240646362,-0.020711885217805315,0.8419458933347447
30.353102922439575,-0.021395419119960013,0.8419458933347447
30.388378620147705,-0.021105711535192306,0.9213706417961959
30.419734954833984,-0.051719443330085796,0.77306291173092
30.453022480010986,-0.052920324573764055,0.77306291173092
30.488022089004517,-0.06146066169526576,0.8767558405418243
30.519705772399902,-0.04554027173232961,0.5347709422688349
30.55311155319214,-0.0465800662181787,0.5347708045671369
30.58774733543396,-0.04353252061205806,0.5927617252264008
30.621200799942017,-0.04477298814316674,0.11295859598744684
30.652698040008545,-0.045598801984848225,0.11295759142149264
30.687710523605347,-0.050072953651719876,0.04484969902107716
30.719544410705566,-0.006697131280449353,-0.2620543266177007
30.757505893707275,-0.008624497851395102,-0.2620543266177007
30.78950309753418,-0.007497386327100591,-0.2526022220492192
30.82193660736084,0.014303341310724305,-0.2183899083660228
30.85315752029419,0.012149365580426064,-0.2183941862630625
30.887582540512085,0.006773980560215942,-0.21290675763540223
30.919868230819702,-0.017307316582607785,-0.12620076157773963
30.954432487487793,-0.02060940389657978,-0.12620076157773963
30.986661672592163,-0.03030035481808241,-0.16211768605436316
31.020076990127563,0.030075513357530836,0.16566619898869694
31.052873134613037,0.027071041846026322,0.16567128387493346
31.0877583026886,0.018543917664467335,0.14331807841393607
31.12036895751953,-0.006961439389190305,0.20740238551811074
31.153014183044434,-0.011172226885280717,0.20740238551811074
31.186022996902466,-0.015052391471548798,0.2051643236938142
31.220086812973022,-0.03045746255384152,0.08082392541841665
31.2521333694458,-0.03246353038634814,0.08082392541841665
31.2868492603302,-0.03482117497228923,0.07747662467737126
31.320048332214355,0.010040400938469862,-0.21362897185359575
31.35466980934143,0.007234983964180569,-0.21362897185359575
31.38846516609192,-0.005838886401689031,-0.26264480618144126
31.420442819595337,0.0174232102137232,-0.40001900099115884
31.45372986793518,0.020995711704745956,-0.3750816097100309
31.490647554397583,0.01442656994933092,-0.3905188550789884
31.519522666931152,0.012218814373720938,-0.38347919182566215
31.554064989089966,0.00957256809435783,-0.38348023346242543
31.58746027946472,0.0114732565767241,-0.3638059919196093
31.62053656578064,0.03207664331844001,0.006953519085862059
31.652377367019653,0.03086941275640892,0.006953519085862059
31.686826944351196,0.0317965113471598,0.01507185292759372
31.719375133514404,0.006958860794555932,0.36386389246749795
31.7539381980896,0.005356303085069236,0.36386389246749795
31.787946224212646,0.0048833328678026255,0.36753595581817544
31.821311473846436,-0.03197304533890752,0.46727866363482795
31.853014707565308,-0.03281444134725514,0.46727866363482795
31.891456127166748,-0.03392331958992345,0.4793830489914995
31.919397830963135,-0.02271996531960402,0.28428845464477703
31.95410656929016,-0.024149740823210336,0.28428845464477703
31.986987590789795,-0.022717791049025104,0.30560298007055453
32.020713567733765,-0.03818300409267855,-0.0709468392356758
32.05320930480957,-0.03932866542398025,-0.0709468392356758
32.087531089782715,-0.03853217175528173,-0.05244150438154982
32.11974906921387,0.03742600041538763,-0.2815800402697761
32.153794288635254,0.03587328971380582,-0.2815800402697761
32.185710430145264,0.02691932672527239,-0.31597811918823315
32.22031331062317,0.03376699058325444,-0.3274173927680124
32.25284266471863,0.03071325889134402,-0.3273358125553063
32.289507150650024,0.03125183938742551,-0.31048295687293326
32.320043087005615,0.0058442460242399685,0.06158789458546843
32.355347633361816,0.001909630524633943,0.06159169523653918
32.39515471458435,-0.002933672473456106,0.05265588610110217
32.42167115211487,-0.02066562915812556,0.34124572199697456
32.45320200920105,-0.023655127774040607,0.34124572199697456
32.48784399032593,-0.030901999617935938,0.33099086207592776
32.521547079086304,-0.04932060354284745,0.40923632418852063
32.55236339569092,-0.05382974406486746,0.4092171881498311
32.587514877319336,-0.06296946825955313,0.38325602749004106
32.62087154388428,-0.09190299099473626,0.11701276046408537
32.65388464927673,-0.09394313773578239,0.11701276046408537
32.68725848197937,-0.11140006416533604,0.04961135131491545
32.71956157684326,-0.12782140230181033,-0.44073726613494735
32.75216770172119,-0.1318873860300528,-0.44073726613494735
32.78677463531494,-0.1498166448443733,-0.48693354292938573
32.81965970993042,-0.11009266242827581,-0.7752735473927705
32.85284066200256,-0.11280553377484992,-0.7752735473927705
32.886215925216675,-0.12297996601547817,-0.7961788036641329
32.9210786819458,-0.13152333923134152,-0.8208403446492403
32.955199003219604,-0.04789116525376694,-0.7765337266523276
32.9859778881073,-0.06230184689360266,-0.8216256537038718
33.01972222328186,-0.014330236546304359,-0.2664215790754243
33.053733587265015,-0.01719266717031029,-0.2664215790754243
33.08749580383301,-0.03495454563878278,-0.31324093149785437
33.12126898765564,0.009366449556986414,0.2268798310053204
33.15485143661499,0.0030380196246131558,0.2268798310053204
33.18952703475952,-0.00988362526738909,0.1839679438364361
33.221487522125244,-0.03211584358979569,0.3095387471822181
33.25198221206665,-0.03532556984785723,0.3095387471822181
33.29198360443115,-0.05142376249115754,0.276135386725183
33.321579694747925,-0.05967131179844459,0.2523184137542205
33.35635828971863,-0.007860796306946097,0.1375672744748178
33.387351751327515,-0.01798649376027539,0.15013406796874984
33.42136883735657,0.0007789077630090263,0.08605148368946636
33.453272581100464,-0.002622510889502258,0.08605148368946636
33.48760914802551,-0.012959242091374543,0.03887874500175609
33.521406412124634,0.02618172128738424,0.12905516922833454
33.55283260345459,0.023081581686971032,0.1290525161447143
33.58818602561951,0.012723002785166637,0.11078218827935193
33.61970376968384,0.05315646676691768,0.23605068409228194
33.651684284210205,0.05078915008908853,0.23604441727867365
33.68780326843262,0.04200638910820925,0.2179844386437334
33.72183537483215,0.035853067670810576,0.20137134852057706
33.753315448760986,0.05594049812542178,0.26650843584002215
33.78557014465332,0.048586983996838154,0.24699275280278113
33.83354926109314,0.042691168125040715,0.23978313728306216
33.85695791244507,0.06246090989402137,0.2859905485642883
33.88796067237854,0.06000265064951324,0.2988724410533905
33.920509338378906,0.05765345602426492,0.3082806468009949
33.956793546676636,0.05660991971767178,0.30828064680093803
33.98726463317871,0.0546834643076673,0.3129080533981323
34.02069115638733,0.05469678126416489,0.318166583776474
34.05217218399048,0.04156384321444634,0.3181665846377954
34.08832359313965,0.041365580217764306,0.32588309049606323
34.11976480484009,0.04135809541334748,0.33328908681869507
34.15402269363403,0.055260523382282024,0.3371127216889904
34.1873459815979,0.05387740269589756,0.3428139655664013
34.22185301780701,0.05333611899655392,0.346989390142207
34.25391745567322,0.07178649113195953,0.3448904877168958
34.28826832771301,0.06948065274365575,0.3464946275217359
34.3206832408905,0.0676699127808842,0.3472584312422101
34.35477638244629,0.04979900005160841,0.1589205109544463
34.387535572052,0.0472152915371641,0.15850277180153796
34.42027187347412,0.045218003152366223,0.1388740384050078
34.45242381095886,-0.009224853078573014,-0.10006076542345727
34.48924231529236,-0.010287730652740426,-0.11718744484392846
34.52018713951111,-0.013845711448812442,-0.18184699562994683
34.553725242614746,-0.03145148711852848,-0.5645579638294888
34.58795189857483,-0.034046060963871666,-0.6418409290127468
34.621631145477295,-0.036636020961228075,-0.8018409290127468
34.6550087928772,-0.033069648511171404,-0.8479786977717435
34.6886727809906,-0.03892768480917244,-1.00577367095562
34.719361782073975,-0.04569311359440911,-1.1163795635955698
34.753862619400024,-0.015837874637231117,-0.7688119161951845
34.786495208740234,-0.020193622697517108,-0.7901331627911024
34.81994295120239,-0.023566721463755602,-0.7750449676170152
34.855154275894165,-0.02264814823302505,-0.43268923654621766
34.88846564292908,-0.07567121543620617,-0.2726892365462177
34.9198362827301,-0.07665854933933304,-0.16440959023527865
34.95331120491028,-0.07965153718422893,0.5069687841090664
34.98690938949585,-0.08126132945115679,0.5069687841090664
35.02096199989319,-0.08190723796305172,0.5069687841090664
35.05243706703186,-0.05873079026082698,0.7782396536366811
35.08784222602844,-0.05962370399891593,0.7782396536366811
35.12010431289673,-0.05899429929441234,0.7781889334613756
35.15212607383728,-0.09334278261604445,0.4324399535737607
35.18791460990906,-0.09335579481398676,0.4324405538963751
35.22067737579346,-0.09338146382195824,0.4324405538963751
35.253204345703125,0.010207140504704393,0.13512132448781367
35.28823113441467,0.009849171939884169,0.13512423166268328
35.320467710494995,0.00908049914721504,0.13512655071384355
35.354190826416016,-0.00824350559884883,4.781488100423503e-09
35.386762857437134,-0.009708939067372645,3.046295537354493e-20
35.421709060668945,-0.009979070855279893,5.071380085802462e-26
35.45570611953735,-0.0029106312757835595,3.088863820602622e-14
35.48567295074463,-0.004548698585212893,1.9338460675153727e-25
35.51935148239136,-0.00544881214853022,3.2226121852290466e-31
35.55282378196716,0.0004099571407254991,-1.309200492374124e-09
35.588406562805176,-0.001790368412867923,-7.955588015092093e-21
35.621129512786865,-0.002229761376794065,-2.0466973635192678e-26
35.6520676612854,0.007335768605683882,4.093192511660804e-14
35.6885712146759,0.005350147776573581,2.553707808535551e-25
35.72076916694641,0.004775994602635464,6.371064745036855e-31
35.75495171546936,-0.010784613894976652,5.292288642912146e-09
35.785003900527954,-0.013189703934902226,3.450212078480111e-20
35.82085132598877,-0.01459407563218068,2.160459760147142e-31
35.85347890853882,0.004911307510435863,3.516081637541628e-10
35.88885807991028,0.0028377495123062717,2.2045194855915848e-21
35.91870927810669,0.0024306985527845692,5.503210617580216e-27
35.95263481140137,0.0026317269488542027,-1.710089891915345e-08
35.98546361923218,-0.000177000649443037,-7.135907855974963e-20
36.02049446105957,-0.001268759480380087,-4.464588433193711e-31
36.051737546920776,-0.00576516977999756,3.4424480991091443e-09
36.08742618560791,-0.008288085700227273,1.458407694334029e-20
36.12012720108032,-0.008726857538966277,3.6344445929167076e-26
36.15548801422119,-0.008952720084553011,2.724003480048434e-11
36.1868736743927,-0.010681717451626207,2.9150176936400054e-17
36.221946001052856,-0.011843864854021573,1.535026912403491e-28
36.25324273109436,-0.013107815174925886,1.6238665055375238e-28
36.288747787475586,-0.01944129579358073,-1.0649376148453938e-14
36.321226835250854,-0.020010447895867357,-2.6770787250066686e-20
36.355329751968384,-0.010266268042534419,1.2221373234602706e-08
36.38665771484375,-0.011508773548306284,2.990304372723494e-14
36.42166018486023,-0.01324059116521174,1.2654889763788774e-25
36.45283246040344,-0.00044900235569975827,-1.4987030836841053e-08
36.486072063446045,-0.0027065580818641647,-9.38960603644018e-20
36.51956844329834,-0.003695491808780412,-1.5625362214786129e-25
36.55380916595459,-0.0007943795452387041,5.88455883378166e-14
36.586490869522095,-0.002835772487913102,3.676282824839562e-25
36.620707273483276,-0.0037238251883961134,6.135892982832911e-31
36.65309476852417,-0.004684976433257258,1.5068536188520535e-36
36.68587279319763,-0.001770489315433638,-2.1647879532718915e-19
36.7205286026001,-0.0025706517423400473,-5.409830155818272e-25
36.75495910644531,0.00010322585776094745,6.619527077613329e-14
36.791882276535034,-0.0021417140662185977,4.1278538870075347e-25
36.82148003578186,-0.0027063773836931626,1.0309807250161946e-30
36.852503538131714,-0.007753055693141736,-5.736771169936286e-11
36.887001037597656,-0.010194345059056508,-3.116481268508631e-22
36.91927695274353,-0.011407051311827017,-2.2186932321553136e-33
36.953277349472046,0.005822169002385048,-1.5871328510956706e-09
36.986347675323486,0.003433317713602802,-9.878069041852332e-21
37.019933223724365,0.002833960682268212,-2.474725148374339e-26
37.05367422103882,-0.005950810692073204,0.0014194916220655605
37.08651614189148,-0.008693901297486609,5.952611584384857e-15
37.12045741081238,-0.010099218069558415,3.724816591360109e-26
37.15305781364441,0.004544018777512456,3.696163963654367e-09
37.18668484687805,0.0016152879791516794,1.546214917223333e-20
37.2206609249115,0.0009754670449357317,3.8638010239143314e-26
37.25386643409729,-0.0008133741469516906,1.0463406613587037e-09
37.28745150566101,-0.002659634915645294,1.7448483232642108e-15
37.321871519088745,-0.004073679610257064,1.0873260024489181e-26
37.354228258132935,0.011171098532969612,2.134133943919531e-10
37.38741111755371,0.008383877719230007,2.222290366816225e-16
37.42109775543213,0.007748828307044274,2.1921106992638064e-16
37.45434308052063,-0.009094252862812997,-4.302108826082993e-09
37.4887216091156,-0.010268335149687837,-1.0761215875768097e-14
37.52085256576538,-0.012215282283786837,-4.4822808921367824e-26
37.55218815803528,-0.0020504716598278108,9.751208095327979e-09
37.587926387786865,-0.004284140378236845,6.195114571307025e-20
37.62041997909546,-0.005535924741879634,1.0316667138513902e-25
37.65375232696533,-0.0029526872882642864,1.0157789351403906e-08
37.687031745910645,-0.005404774724827561,6.346204864772367e-20
37.720622301101685,-0.0065652499706072235,1.058076013531613e-25
37.752652406692505,-0.006293987419706239,-0.0002700868123949787
37.78650498390198,-0.00859413860581817,-1.6982363898509925e-15
37.819141149520874,-0.009488236876670797,-4.246526275950748e-21
37.85299324989319,-0.011430072704113501,-1.7085498817192218e-32
37.88673186302185,0.011686193043468603,-6.279248898269772e-20
37.92066717147827,0.011040012265440496,-1.5733952848451692e-25
37.953609466552734,-0.0036908209042087613,-2.9774509968660823e-08
37.986510038375854,-0.006108172585572583,-1.5809432496613675e-19
38.01970720291138,-0.007168109518699437,-1.201091118122674e-30
38.05295729637146,-0.00826228170759773,-1.99503688185914e-36
38.08656859397888,-0.016145837312226765,1.225012845983115e-19
38.120577812194824,-0.016904187214618636,3.0579303757883844e-25
38.15432906150818,-0.0033873072085355543,-0.0028544622083914338
38.18691968917847,-0.005658865072987439,-1.2668805094163832e-14
38.22025728225708,-0.007287140070186731,-7.876153369323133e-26
38.25302243232727,-0.008007845087515356,-1.962712335237859e-31
38.28692579269409,-0.0068528727740401986,-1.3558792479283278e-15
38.32017779350281,-0.007703578524355339,-3.391729378148351e-21
38.35494303703308,-0.009008186432140425,-2.1146011346700265e-32
38.38638710975647,-0.007378705799775433,6.036792926020583e-14
38.41908407211304,-0.00898491633898516,3.7848480126761194e-25
38.45304870605469,-0.009570387831052607,9.37286777269097e-31
38.48828434944153,0.00015290797539650877,4.991261926655963e-15
38.52114009857178,-0.0007920882931999632,1.2467182992843379e-20
38.555259466171265,-0.0021114264743906297,1.5578991017091694e-26
38.58690786361694,-0.0042149147699846335,-3.523018520657305e-14
38.619240283966064,-0.006611713891402766,-1.4692574792233115e-25
38.655240058898926,-0.007134365954894694,-3.660881416062746e-31
38.68759894371033,0.005336356574502042,-2.9334798382949704e-09
38.720985889434814,0.003770973475703058,-4.884598329038648e-15
38.75570034980774,0.002524840973688223,-3.0535612649380073e-26
38.78815484046936,-0.006226629055160448,-1.9221385361119218e-20
38.82137155532837,-0.007381593235547512,-3.209314444521043e-26
38.853989601135254,-0.007781741002151997,-7.901058662818812e-32
38.890597343444824,-0.0043917629905042025,1.5706046831699046e-14
38.920414209365845,-0.005439395558860064,3.9145551012024856e-20
38.95433568954468,-0.007038387192739985,1.6311982807030522e-31
38.9868848323822,-0.0027476095348283186,1.0125598939363781e-19
39.02228879928589,-0.00370944309047769,2.528385132109164e-25
39.05448246002197,-0.00466460286094887,4.21116005647965e-31
39.08669471740723,0.01412149257755868,8.545466132811896e-15
39.12074661254883,0.012257882745144017,5.344049385151094e-26
39.153106451034546,0.011191425973106604,8.892791556947234e-32
39.18845200538635,0.0012755354419070235,1.949599052997645e-15
39.220983028411865,0.00031794233197121857,4.874892386410562e-21
39.253135442733765,-0.0001838379447659783,1.2155363639530446e-26
39.28768038749695,-0.01316697499118218,-5.742468328967684e-14
39.32068133354187,-0.015077468994683655,-3.5348466225656365e-25
39.354069232940674,-0.015602211700756027,-8.913092466713512e-31
39.38711333274841,-0.010560600427422198,-1.8936126977458072e-14
39.4192476272583,-0.011673239824602407,-4.695314152832014e-20
39.45359444618225,-0.012977123422685019,-2.9565709966761253e-31
39.4890251159668,-0.003852741068117008,-1.5082996940177576e-09
39.51899313926697,-0.006060456508529281,-9.43515946495558e-21
39.55433654785156,-0.006645852632051446,-2.3573260930752383e-26
39.58715581893921,0.006442847743079705,2.924875188756966e-14
39.6218421459198,0.005337868591033801,7.307847624130736e-20
39.653080463409424,0.004246576211478993,4.568440773001288e-31
39.68784141540527,-0.0008945870184046882,-3.942668768720792e-09
39.71934747695923,-0.0035276446388011152,-1.642131670607987e-20
39.7593412399292,-0.003914025600571756,-1.6426884685785166e-20
39.78702926635742,0.005672811953444271,-4.230554082267107e-09
39.82264518737793,0.004005172506788211,-4.366036421543656e-15
39.852598667144775,0.002872337736609019,-2.7017779091233567e-26
39.888723373413086,-0.012001425292070714,-2.5268653194505572e-15
39.920336961746216,-0.013465582557845102,-4.215013719976304e-21
39.95484900474548,-0.013971257130963397,-1.0481211997384273e-26
39.98687720298767,0.007389340792488014,-5.1648747914059225e-14
40.02092909812927,0.0061638629257869055,-1.2863935562146204e-19
40.053404331207275,0.0044991335176797955,-5.369737073441392e-31
40.088961601257324,-0.005408904548720829,3.200678173931546e-14
40.12233638763428,-0.006367759450253618,7.978178516942688e-20
40.15310049057007,-0.00723598060061465,1.3310341832727965e-25
40.186983823776245,-0.0024894233311245234,3.533311241763165e-14
40.221174001693726,-0.004626267202878891,2.2070826043560915e-25
40.2556893825531,-0.005529279071706636,3.665503490035791e-31
40.285884618759155,0.004012217940763134,1.7852506068728788e-14
40.3202440738678,0.0028512115357597566,4.477239399579147e-20
40.35314106941223,0.0022653268420718717,1.118660814912345e-25
40.385719776153564,-0.004009613990522514,7.459070311588273e-15
40.419758558273315,-0.006059836548890529,4.9945720272613436e-26
40.45885920524597,-0.006491280841149255,1.2386256430399534e-31
40.486690044403076,0.00248580018406464,4.8963340262335087e-14
40.524097204208374,0.0012283538047138556,1.2206402053757411e-19
40.55468940734863,8.174412631225853e-06,7.654088215321466e-31
40.58552002906799,-0.009396350238002756,5.032930390939554e-09
40.61976194381714,-0.011834516506022784,3.146074164507139e-20
40.65583944320679,-0.012452930843419776,7.827321232776974e-26
40.68701171875,-0.007337505875624152,-7.525548800653306e-10
40.71937847137451,-0.008659774011229571,-1.878375478962157e-15
40.75416803359985,-0.009917637822615885,-1.1780873611342353e-26
40.7869827747345,-0.005696047054124398,1.3799311440699721e-09
40.819597244262695,-0.00851833425907733,5.775883957836468e-21
40.853864908218384,-0.009109544381663611,1.4273113624215886e-26
40.88695478439331,-0.005160381392967448,1.4177375570181491e-09
40.92018175125122,-0.006989495169854869,2.3598480182961088e-15
40.95559310913086,-0.008420694410071317,1.477492311874076e-26
40.98700141906738,0.0014449170174599146,3.010408279302568e-14
41.020875692367554,-0.00033832992837025297,5.0279650111250924e-20
41.0534770488739,-0.001066959032649858,1.251008196387392e-25
41.08570122718811,-0.0009447238016805853,5.1039274751030206e-09
41.11869478225708,-0.002222188054030151,1.2757594054080604e-14
41.15435862541199,-0.004356977795066451,5.326185603410642e-26
41.1883385181427,-0.003091131339613357,4.1942575426722385e-14
41.22051978111267,-0.004292778120874719,1.0454151232280566e-19
41.25338697433472,-0.00556093075434161,1.7310845677877787e-25
41.28735947608948,-0.0028211812466136916,6.3747332382409205e-09
41.31941843032837,-0.005105667446940384,3.98394659687042e-20
41.35362672805786,-0.006094540770180652,6.64131576726031e-26
41.388115882873535,0.009824477107966058,2.5388801776329986e-14
41.42024827003479,0.00861821574823751,6.364403168786407e-20
41.45369482040405,0.007750428613360283,1.5850612153100823e-25
41.48624610900879,-0.004615398595846938,1.6678806116169481e-09
41.520617723464966,-0.006947534585695371,1.0455162741700138e-20
41.55328130722046,-0.007559001920852209,2.605651198629896e-26
41.5853750705719,0.0068483417646974755,-2.4904348486296978e-14
41.62038064002991,0.005628607414169323,-6.265364545119382e-20
41.65384578704834,0.004361576634240955,-3.927707206627843e-31
41.68814253807068,-0.00993843216589512,-9.888161831873854e-09
41.721243143081665,-0.012242395941451021,-6.179945536877082e-20
41.75481343269348,-0.012905253045684769,-1.5381123728490375e-25
41.7884087562561,0.004898632608972319,-4.057475779840891e-09
41.81956505775452,0.003348984994887548,-7.236415530746617e-15
41.85322690010071,0.0018569256500516372,-4.528395346989055e-26
41.891183853149414,0.0011631995120591327,-1.1103869277156421e-31
41.91921544075012,-0.000335422967436903,3.950914315782852e-15
41.95439267158508,-0.0011118685954433394,9.752935004018923e-21
41.98943638801575,-0.0035526411389759462,4.0931608218192814e-32
42.02050185203552,-0.01636602884831639,0.017799970304649113
42.05409908294678,-0.01730706695830414,0.017799970304649106
42.08799386024475,-0.01847416625596507,2.226269825780777e-08
42.120784282684326,0.006499812779385184,-1.6110773320889699e-09
42.154500246047974,0.004138622368397687,-1.6117988807792527e-15
42.18662095069885,0.00258901308750956,-1.0111760343313503e-26
42.22082757949829,0.003828866189386953,-5.536650799662793e-14
42.252349853515625,0.0024030050651181896,-9.139085435025396e-20
42.28750681877136,0.001464774482117422,-5.795635169021884e-31
42.32011270523071,-0.007824917184845522,7.854247822057099e-20
42.35319995880127,-0.00856163198055073,1.9047394327294964e-25
42.38617992401123,-0.010280624963663972,8.08564197430621e-37
42.420355558395386,-0.013913412501851562,-3.702976224835494e-14
42.453108072280884,-0.014945501273932437,-9.217281424984548e-20
42.48776960372925,-0.016567621302267476,-3.873774560621052e-31
42.522852182388306,0.008416944899408217,7.640598964554415e-20
42.55538034439087,0.007482028302116624,1.8188687027914188e-25
42.58722233772278,0.005573369629857875,7.838510039497283e-37
42.621501207351685,-0.013188043162988923,-4.736637373339632e-14
42.65378403663635,-0.015087042640408497,-2.9632247848000808e-25
42.69001245498657,-0.016090761377949788,-4.938060001890057e-31
42.72093939781189,-0.0019152332065224531,7.190963147041962e-16
42.75305366516113,-0.0029686937535461175,1.7550454083618838e-21
42.78593325614929,-0.004922342927131019,7.451072698814945e-33
42.82003903388977,0.009597863548078301,4.311688318391106e-14
42.85375738143921,0.007648083685608091,2.688145964161725e-25
42.888285636901855,0.007087472282685825,6.7265577804191205e-31
42.9207067489624,0.00408606338779687,3.3915234109568447e-18
