pwm_left,pwm_right,linear_vel,angular_vel
0,0,-0.0007747291749405116,0.013385714285714287
0,40,-0.005489273303387111,0.01445714285714286
0,80,0.0031516453374078475,0.007966666666666667
0,120,0.0371019185435025,0.3357095238095238
0,130,0.050911702469546946,0.34846190476190475
0,140,0.048256480315520885,0.5474857142857142
0,150,0.0809870095795272,0.6215047619047619
0,160,0.08875297017683033,0.6235809523809523
0,170,0.09875434621266008,0.773447619047619
0,180,0.1053832699572799,0.8615428571428574
0,190,0.13229501918837538,1.0635523809523808
0,200,0.1320853100201219,1.2379857142857142
0,210,0.1473212980236151,1.3868047619047617
0,220,0.16017816692406542,1.3941952380952378
0,230,0.1642991974275756,1.5212333333333332
0,240,0.18749286281272087,1.7871428571428571
0,250,0.2054906492011084,1.8862952380952385
40,0,0.003626511808858839,0.015895238095238094
40,40,0.018972990827904573,-0.005480952380952382
40,80,0.07952970277054916,0.01825238095238095
40,120,0.10745324856654988,0.06122380952380953
40,130,0.1228130447062327,0.09844285714285714
40,140,0.1276924365912897,0.13754285714285716
40,150,0.12838181512539,0.1788952380952381
40,160,0.14699525003673605,0.2445952380952381
40,170,0.15481440461654214,0.3467142857142857
40,180,0.16845074313418643,0.4278095238095238
40,190,0.1672029921313749,0.5084100000000001
40,200,0.20583987783985128,0.6331619047619048
40,210,0.22540445881081372,0.77663
40,220,0.2191080410922185,0.855257142857143
40,230,0.22075916889560893,1.0130095238095236
40,240,0.24189031388095084,1.1198571428571429
40,250,0.2546371438461925,1.3154476190476192
80,0,0.010576440605348661,-0.029514285714285715
80,40,0.08274869536169616,-0.031071428571428576
80,80,0.13128031722464795,-0.009871428571428571
80,120,0.16446825833723147,0.03171904761904761
80,130,0.16238819417673966,0.0651095238095238
80,140,0.17964760933101503,0.06333809523809524
80,150,0.17926492636888328,0.10940476190476192
80,160,0.19191273357491787,0.09941904761904763
80,170,0.20820500713688425,0.141447619047619
80,180,0.2208598156220615,0.18324761904761905
80,190,0.22719431083505764,0.2591333333333332
80,200,0.21932728720208627,0.30091428571428575
80,210,0.26257981560890165,0.3799857142857143
80,220,0.25166021419735135,0.5035380952380952
80,230,0.268521596023641,0.5792428571428572
80,240,0.27480603434391027,0.6900857142857143
80,250,0.29827859106756954,0.8843428571428572
120,0,0.06566368504563173,-0.20325238095238096
120,40,0.12188464667909435,-0.057952380952380936
120,80,0.17646464294754252,-0.03996666666666667
120,120,0.20717940720619682,-0.03688095238095238
120,130,0.22120928442153828,0.012323809523809523
120,140,0.2238527131090883,0.012419047619047618
120,150,0.24051865835735758,0.04607619047619047
120,160,0.24580950244022573,0.07633809523809525
120,170,0.26437225208473103,0.08146190476190476
120,180,0.26191434869253544,0.10256666666666667
120,190,0.27552490995676215,0.12369047619047616
120,200,0.28207698962190697,0.14591904761904761
120,210,0.29842555953092736,0.20637142857142854
120,220,0.29835972925336146,0.26216666666666666
120,230,0.3132791933460527,0.3294761904761905
120,240,0.31830122226031127,0.41913333333333336
120,250,0.33420354617758635,0.5152857142857142
130,0,0.06546564165192076,-0.4134714285714286
130,40,0.11828216394123137,-0.1238761904761905
130,80,0.17331084280834694,-0.06403809523809523
130,120,0.21539511850195847,0.007080952380952384
130,130,0.23218146202686288,-0.013871428571428571
130,140,0.22653261794916146,-0.0008952380952380971
130,150,0.25244977767733845,0.028457142857142858
130,160,0.27030864344604216,0.03769999999999999
130,170,0.28210617922561143,0.07598571428571428
130,180,0.28246590593689314,0.09222857142857144
130,190,0.2963495339329085,0.10998095238095236
130,200,0.2944762595512167,0.13315499999999997
130,210,0.30138721619716996,0.17505238095238096
130,220,0.3035770961175392,0.22702857142857147
130,230,0.32625345201926026,0.25624285714285716
130,240,0.3398390237000595,0.3125095238095238
130,250,0.33790831839226076,0.44110952380952384
140,0,0.08622681877426348,-0.5974190476190476
140,40,0.1349132472846751,-0.1581190476190476
140,80,0.19548603166245357,-0.09473809523809525
140,120,0.2332095712562933,-0.025871428571428573
140,130,0.24268416981148067,-0.0006428571428571435
140,140,0.25646138250794487,-0.005333333333333336
140,150,0.2781152826059906,0.0009809523809523814
140,160,0.27909431569767384,0.02250952380952381
140,170,0.2936912676673868,0.028271428571428565
140,180,0.2916019172299687,0.08871904761904761
140,190,0.30293014129487195,0.10007619047619047
140,200,0.3230987723687501,0.11605714285714284
140,210,0.31957983160773373,0.18477142857142856
140,220,0.3416914149765493,0.1962714285714286
140,230,0.3398340598783382,0.23734285714285722
140,240,0.35895753319528445,0.28640952380952384
140,250,0.3626895804912095,0.3450047619047619
150,0,0.09548311633325729,-0.6525333333333332
150,40,0.13585084964491909,-0.2241857142857143
150,80,0.19524961747991126,-0.10534285714285715
150,120,0.2494770032672477,-0.04752857142857142
150,130,0.2588454396127702,-0.04644761904761906
150,140,0.2718571599257484,-0.011176190476190475
150,150,0.2736693222490637,-0.012114285714285718
150,160,0.2957683937982606,0.004014285714285713
150,170,0.2902623064408293,0.0257
150,180,0.31294738938753797,0.052115
150,190,0.3208785948101714,0.11137142857142857
150,200,0.33805457256762395,0.1073904761904762
150,210,0.3385394129482734,0.13714285714285715
150,220,0.3620140615726636,0.12834761904761902
150,230,0.35687504582795615,0.21222857142857143
150,240,0.34639898028589516,0.23920000000000005
150,250,0.36760573298609245,0.2756571428571429
160,0,0.09342805214025397,-0.8141666666666667
160,40,0.14479843185435137,-0.3017
160,80,0.19671235642449564,-0.12655999999999998
160,120,0.2628494116278332,-0.06402380952380952
160,130,0.2737235112782393,-0.0436047619047619
160,140,0.2875095304607051,-0.029142857142857147
160,150,0.282415901095114,-0.03302857142857143
160,160,0.31470133984091225,-0.014919047619047618
160,170,0.305917491096763,0.00299047619047619
160,180,0.3374955857657301,0.006428571428571429
160,190,0.32866375884721916,0.051195238095238106
160,200,0.35979933476665177,0.08498571428571429
160,210,0.34803748711723703,0.091355
160,220,0.37290864518937916,0.128855
160,230,0.3610414084779111,0.17369999999999997
160,240,0.37786843123760844,0.19241428571428573
160,250,0.3844469774780823,0.2547857142857143
170,0,0.0814287000616476,-0.9312523809523809
170,40,0.15705107884351066,-0.3914666666666667
170,80,0.21445016620936933,-0.16994761904761907
170,120,0.26631746463975603,-0.08756190476190477
170,130,0.27527099178044906,-0.07724285714285714
170,140,0.293185386050674,-0.06432380952380952
170,150,0.29359884831496824,-0.047542857142857144
170,160,0.3114019836431057,-0.028752380952380946
170,170,0.3143641791376955,-0.023904761904761915
170,170,0.30879759536722057,-0.0011142857142857133
170,180,0.2983158957949368,0.0015649999999999998
170,190,0.32927045564021123,0.013500000000000002
170,200,0.33646406793092903,0.06382857142857142
170,210,0.35715276156570025,0.09131428571428571
170,220,0.35318947322088295,0.0756904761904762
170,230,0.3734073457920057,0.13014285714285714
170,240,0.3719522922478444,0.19561428571428574
170,250,0.4000735817506517,0.20456666666666665
180,0,0.08915807362163725,-1.1192761904761905
180,40,0.15141801903508967,-0.48890000000000006
180,80,0.2064269844954491,-0.18922380952380954
180,120,0.2670960880088667,-0.10440476190476192
180,130,0.2798055650427121,-0.10696190476190476
180,140,0.3025113576864319,-0.033542857142857145
180,150,0.2907058565885502,-0.0561047619047619
180,160,0.3145214266389219,-0.046052380952380956
180,170,0.31597183213876984,-0.033742857142857144
180,180,0.3304563426276399,0.009933333333333332
180,190,0.3499815231190874,0.03173333333333333
180,200,0.3493943352712545,0.046123809523809525
180,210,0.3716682191916103,0.07605714285714285
180,220,0.3612948418992344,0.06836190476190475
180,230,0.39960338141540125,0.10317142857142857
180,240,0.3770665341754781,0.12892857142857145
180,250,0.41835558458284605,0.19395714285714286
190,0,0.10813353202629089,-1.2141095238095236
190,40,0.1790661530753901,-0.6097190476190476
190,80,0.2206479317317794,-0.2272619047619048
190,120,0.28598334217326077,-0.13381428571428575
190,130,0.2848709892718169,-0.0926952380952381
190,140,0.29924517219936975,-0.09848571428571429
190,150,0.3277215869280071,-0.058719047619047636
190,160,0.32404755797485824,-0.05923809523809525
190,170,0.33533277023365243,-0.06345238095238095
190,180,0.3469032488685824,-0.03735238095238094
190,190,0.36657321023115974,-0.027657142857142866
190,200,0.36080364451610897,0.02564285714285714
190,210,0.3928355361817519,0.0446
190,220,0.384954553987772,0.06350952380952381
190,230,0.40751479725710976,0.07569047619047618
190,240,0.40175969682752327,0.0937
190,250,0.4251227784242473,0.16356666666666667
200,0,0.11396036883996555,-1.3127190476190476
200,40,0.18824246644035908,-0.7455619047619046
200,80,0.22314947072256594,-0.32066666666666666
200,120,0.2932154460884677,-0.1549190476190476
200,130,0.29796667213024375,-0.1568
200,140,0.3188332487491604,-0.14632857142857142
200,150,0.3212791852455628,-0.13916190476190476
200,160,0.34841403996024284,-0.07641428571428571
200,160,0.33675102673736085,-0.1205857142857143
200,170,0.3347216503256551,-0.0804047619047619
200,180,0.3448325447376841,-0.0625904761904762
200,190,0.3479317515414021,-0.03505238095238095
200,200,0.34354058611571264,-0.024447619047619044
200,210,0.35583380417002874,-0.009419047619047619
200,220,0.37781503943239975,-0.0016523809523809542
200,230,0.393938342368195,0.023061904761904766
200,240,0.42266540002610464,0.041685714285714284
200,250,0.3994836483720539,0.10635238095238098
200,250,0.41346295519413173,0.13940952380952382
210,0,0.12275165072663151,-1.5208285714285712
210,40,0.17010973622283948,-0.8372449999999999
210,80,0.2300652446319885,-0.3941
210,120,0.2833142264610742,-0.17677142857142852
210,130,0.30381340589892736,-0.16882380952380954
210,140,0.30678746292885356,-0.14299523809523812
210,150,0.32656920784225796,-0.13017142857142858
210,160,0.33490154412052187,-0.08069523809523808
210,170,0.3613651465971916,-0.07725238095238096
210,180,0.3519517071172999,-0.07924761904761905
210,190,0.3733943929518311,-0.046309523809523814
210,200,0.3738810448466613,-0.02429047619047619
210,210,0.3874760005259639,-0.025076190476190474
210,220,0.3968772929176974,0.010433333333333331
210,230,0.397311989714602,0.032338095238095235
210,240,0.41970924606218524,0.037623809523809525
210,250,0.4150867038619748,0.12104285714285712
220,0,0.14173156554051905,-1.5860380952380955
220,40,0.18002414371576153,-0.9418142857142855
220,80,0.24382444486641552,-0.5074476190476191
220,120,0.28538703395378784,-0.2613380952380952
220,130,0.30713118325638006,-0.24100952380952378
220,140,0.30472913003903035,-0.19385238095238094
220,150,0.33692946794036277,-0.12054761904761906
220,160,0.3264088949908481,-0.10727619047619048
220,170,0.34739510490440506,-0.08536999999999999
220,180,0.3530233834968979,-0.07440500000000001
220,190,0.3764251885773753,-0.05641428571428573
220,200,0.3704093371622116,-0.06470999999999999
220,210,0.4059101594786713,-0.032219047619047626
220,220,0.39937685416046165,0.0005857142857142863
220,230,0.4115802672051447,0.020374999999999997
220,240,0.40685618447865435,0.036809999999999996
220,250,0.4363453725003317,0.09096999999999997
230,0,0.12195096752288988,-1.7618380952380954
230,40,0.19739167472885133,-1.1686333333333334
230,80,0.24932052267587718,-0.6764285714285714
230,120,0.29297940314355586,-0.30709499999999995
230,130,0.3046981281181047,-0.22076190476190471
230,140,0.3163640168046171,-0.21116190476190477
230,150,0.3241390770777572,-0.18140000000000003
230,160,0.3320011531243198,-0.176
230,170,0.35668994481593375,-0.1453238095238095
230,180,0.35545083425978635,-0.08911428571428572
230,190,0.3935605887409036,-0.08144285714285714
230,200,0.3810761407847602,-0.06091428571428572
230,210,0.39848961227080165,-0.04886666666666667
230,220,0.398013978041787,-0.039633333333333326
230,230,0.4342542193025379,0.003966666666666666
230,240,0.420982870473139,0.014885714285714283
230,250,0.46754022814993007,0.056933333333333336
240,0,0.1463138070139809,-1.8711904761904758
240,40,0.19609011447743072,-1.2809095238095238
240,80,0.2541114859349651,-0.726752380952381
240,120,0.3138726689874122,-0.3914047619047619
240,130,0.3167686322554048,-0.2883619047619048
240,140,0.333887728342532,-0.226815
240,150,0.33580161596619246,-0.19818571428571424
240,160,0.35559562599488725,-0.18881
240,170,0.36650455591929115,-0.15644761904761909
240,180,0.37178605614790394,-0.12238095238095235
240,190,0.38113429958281086,-0.11263333333333335
240,200,0.39812923346673845,-0.08905238095238095
240,210,0.4067872562076958,-0.0989904761904762
240,220,0.4100439046684946,-0.05583809523809524
240,230,0.42257718851287834,-0.023833333333333335
240,240,0.4318598055785301,0.004685714285714282
240,250,0.47111686691170673,0.04457619047619047
250,0,0.1279917695609691,-2.166657142857143
250,40,0.20485377700202403,-1.4980619047619048
250,80,0.2540725688585361,-0.9458095238095241
250,120,0.30739851935222584,-0.463635
250,130,0.30701456955611384,-0.4033619047619049
250,140,0.32870220554154544,-0.3455476190476191
250,150,0.3472256077654339,-0.33099523809523806
250,160,0.3642670340505691,-0.25952380952380955
250,170,0.35827438422726404,-0.2116047619047619
250,180,0.4108401537689505,-0.1780190476190476
250,190,0.4027036150972991,-0.16396190476190475
250,200,0.4265291758068581,-0.15616190476190478
250,210,0.4168951928806189,-0.10905238095238094
250,220,0.44506740945489653,-0.06777142857142857
250,230,0.43931689774903676,-0.07266190476190476
250,240,0.4832322194005312,-0.02815714285714286
250,250,0.4732568982726259,-0.022619047619047615
