t,odom_vx,odom_wz,x,y,yaw
0.09375739097595215,0.008495585114738574,3.547962723817856e-27,0.09375739097595215,-0.06301313004333779,0.2512746700697645
0.1277163028717041,0.009740666834821918,5.791798420047299e-33,0.1277163028717041,-0.06280607918763435,0.2511316371346136
0.1621561050415039,0.02515485801128775,2.781383752955673e-14,0.1621561050415039,-0.0612680872233958,0.25006919741737604
0.19872784614562988,0.026551018589594938,6.947026935817528e-20,0.19872784614562988,-0.060842105705374586,0.2497749462563941
0.23248815536499023,0.028864718107215588,6.943645795354936e-26,0.23248815536499023,-0.0597241953682551,0.2490027381407122
0.2630791664123535,-0.00805283076236414,-7.372532223479701e-09,0.2630791664123535,-0.062393989109764764,0.25084696566790765
0.2984330654144287,-0.0054193364257362955,-2.3073574788458217e-20,0.2984330654144287,-0.06261439181125358,0.2509992112345547
0.3312263488769531,-0.004684000219351173,-5.766523365685492e-26,0.3312263488769531,-0.06271082182308432,0.2510658210425923
0.3630208969116211,-0.0008494421446421305,-2.403557046610859e-37,0.3630208969116211,-0.06279436055485238,0.25112352655790265
0.3974740505218506,0.014864260692389292,-5.2899915208780315e-14,0.3974740505218506,-0.06148590172670219,0.25021969137453903
0.4317898750305176,0.01673010103539725,-3.310659642705923e-25,0.4317898750305176,-0.060971405308169885,0.24986429716550285
0.46315598487854004,0.016951006060322536,9.177789133708869e-09,0.46315598487854004,-0.060675304820647105,0.24965976297786116
0.4982028007507324,0.019907742394490564,5.765236540955531e-20,0.4982028007507324,-0.06006800722138278,0.2492403337117053
0.5307660102844238,0.021611478150718098,3.596099092444858e-31,0.5307660102844238,-0.05940759659641249,0.24878422141109294
0.564208984375,0.024194091708062013,5.992135521113731e-37,0.564208984375,-0.05880985740262324,0.24837139360308244
0.5969994068145752,0.006036362559001234,-5.303029717284756e-14,0.5969994068145752,-0.06018823248820146,0.2493234105974629
0.6312003135681152,0.007919121777894195,-3.3103633951989126e-25,0.6312003135681152,-0.05997207945367181,0.2491741233385202
0.6633596420288086,-0.005766137563139519,-1.4349282212097747e-08,0.6633596420288086,-0.06098543059810613,0.24987400786584085
0.6952836513519287,-0.0022788429342024998,-5.997394761798889e-20,0.6952836513519287,-0.06115255716885001,0.24998943757261272
0.7294478416442871,-0.0005810989837369573,-3.7534448825752794e-31,0.7294478416442871,-0.06121815294384774,0.2500347416846133
0.7634527683258057,0.0012270110852915634,-9.353904003728182e-37,0.7634527683258057,-0.06118918005750957,0.2500147314761319
0.796532392501831,0.0037409641837063187,-3.8255751937567466e-14,0.796532392501831,-0.06110147317762429,0.2499541553561359
0.829838752746582,0.005436319742205474,-2.394457817269002e-25,0.829838752746582,-0.060964180791422524,0.24985933132271396
0.8630273342132568,0.008713778411928389,-1.4948612953824191e-36,0.8630273342132568,-0.060700988572132054,0.24967755299425706
0.8984575271606445,0.0016909531556662863,6.848603793325936e-14,0.8984575271606445,-0.06136757900255,0.25013794575577686
0.9311332702636719,0.0033186682948736883,4.495233299861112e-25,0.9311332702636719,-0.06130139568611359,0.25009223481258896
0.9688494205474854,0.004911838079673693,1.121410774869826e-30,0.9688494205474854,-0.06121917041136435,0.2500354444624391
0.9967706203460693,0.008238738803072406,-4.8400413864469445e-14,0.9967706203460693,-0.060972114527127856,0.24986481079933218
1.0277857780456543,0.010664413364292755,-2.0402044397196217e-25,1.0277857780456543,-0.060589143401675816,0.24960030454301965
1.063053846359253,0.013559173324355394,-1.2724423927298996e-36,1.063053846359253,-0.060172593455598625,0.24931260658823715
1.1004877090454102,-0.004852743475371003,5.835715319407617e-14,1.1004877090454102,-0.06164738745647147,0.2503312005262318
1.131152868270874,-0.002415352970214488,2.4280517544277147e-25,1.131152868270874,-0.06179982694206285,0.25043648566498344
1.1633343696594238,-0.0008702512632127654,6.000913146038454e-31,1.1633343696594238,-0.06181578879631557,0.2504475100335895
1.196333408355713,0.007876212772033582,-2.13005696380046e-19,1.196333408355713,-0.061233365867196354,0.25004524878754014
1.2295019626617432,0.009275819034209022,-3.549371540420828e-25,1.2295019626617432,-0.06102832840516163,0.24990363582173644
1.2636253833770752,0.012104183171739186,-2.2131578615561e-36,1.2636253833770752,-0.06066327767945833,0.2496515067306406
1.29768705368042,0.0002364481948564394,-7.795157364989889e-15,1.29768705368042,-0.06152434746488317,0.2502462206544369
1.3288929462432861,0.002609847360954955,-3.252883444007482e-26,1.3288929462432861,-0.061473437792095874,0.25021105892591117
1.3615331649780273,0.004006662141134424,-7.25759449025099e-32,1.3615331649780273,-0.061407214392322586,0.25016532050012646
1.395538330078125,0.009444238831641976,-1.179278888141399e-19,1.395538330078125,-0.06099304274111048,0.2498792651230108
1.4288053512573242,0.010253668659197798,-2.94881632434045e-25,1.4288053512573242,-0.06083873103602911,0.2497726868590008
1.4611101150512695,0.013294066919346476,-1.2278677649689796e-36,1.4611101150512695,-0.060351077817233145,0.24943588005945388
1.497201919555664,0.006834039699274477,6.671192597344051e-14,1.497201919555664,-0.06076010267570671,0.24971838071600777
1.529068946838379,0.008786480917140647,4.16847108099623e-25,1.529068946838379,-0.060511295932300195,0.24954653769113458
1.5631916522979736,0.01061564198316601,6.938963472960256e-31,1.5631916522979736,-0.06026751835383678,0.2493781681557574
1.5974922180175781,-0.010109968773953771,2.5163446142075905e-14,1.5974922180175781,-0.062144590157411264,0.25067460284220555
1.6282281875610352,-0.008203950759611363,3.146771137991123e-20,1.6282281875610352,-0.06246427338775637,0.2508953980321613
1.6627047061920166,-0.00576985496262192,3.145925460365865e-26,1.6627047061920166,-0.06261380068492026,0.2509986718521021
1.697556495666504,0.013290282291967444,-5.5428893913798064e-14,1.697556495666504,-0.06117851117090334,0.2500073623542575
1.7292771339416504,0.015226248595882185,-3.461050107422216e-25,1.7292771339416504,-0.06072511423463095,0.24969421529444366
1.7611758708953857,0.01627801992013688,-8.649838792291831e-31,1.7611758708953857,-0.06046992209704925,0.24951796208010013
1.7967491149902344,0.009251072631809538,7.200292468827727e-15,1.7967491149902344,-0.06089170754632921,0.24980928433812322
1.827047348022461,0.01094724302922265,4.502298789205139e-26,1.827047348022461,-0.06057488675719106,0.2495904846131075
1.860753059387207,0.012474999526627655,1.1237986808476464e-31,1.860753059387207,-0.06036917012778052,0.24944841469224457
1.8948414325714111,-0.005302641311720325,2.3810289058286272e-14,1.8948414325714111,-0.06185405172810174,0.25047391687574483
1.9288532733917236,-0.003174695766153315,1.4822685716580502e-25,1.9288532733917236,-0.06199925834059002,0.25057419746366627
1.9623827934265137,-0.0005219678549029845,9.255212061741552e-37,1.9623827934265137,-0.062053570429827155,0.25061170608582783
1.9950544834136963,0.021977240179639652,2.0581277735808602e-14,1.9950544834136963,-0.060196979558240764,0.24932951895715824
2.0279719829559326,0.02360739424084994,1.283935215487407e-25,2.0279719829559326,-0.05946732702891819,0.24882561290902988
2.061572551727295,0.024928990860587266,3.1977308015978585e-31,2.061572551727295,-0.05905854404277505,0.24854330332888108
2.0990371704101562,0.010762788682878726,-5.820629715595867e-14,2.0990371704101562,-0.059989093825546756,0.24918595273095787
2.1280088424682617,0.013538975379828806,-2.4284615907550623e-25,2.1280088424682617,-0.05949227862072306,0.24884284689818992
2.164212465286255,0.016154269969046082,-1.512150481240703e-36,2.164212465286255,-0.0589952001134074,0.24849955949846222
2.1981794834136963,-0.000639134079659566,4.4884741032093675e-14,2.1981794834136963,-0.060278523257544604,0.24938583623257166
2.227574348449707,0.002007260215651187,1.8681328025247263e-25,2.227574348449707,-0.06025552895249542,0.24936995595899578
2.2629849910736084,0.0031414859990093976,4.667008173688239e-31,2.2629849910736084,-0.06021350478555079,0.24934093364000195
2.2970187664031982,0.011382765305338249,2.617207390992697e-20,2.2970187664031982,-0.05955898807485798,0.24888891781631514
2.329444408416748,0.013001969682496733,4.362399366162507e-26,2.329444408416748,-0.05926434285392099,0.248685432779609
2.3630125522613525,0.015330046400440304,2.71923522509212e-37,2.3630125522613525,-0.05880151318430028,0.24836579789430527
2.397841215133667,0.00673233565167656,6.215317034378875e-14,2.397841215133667,-0.059365965257301125,0.24875561429601503
2.429410457611084,0.009387535055878584,2.5863473166843247e-25,2.429410457611084,-0.05904267850826289,0.24853234913791794
2.4614667892456055,0.010505271818804337,2.5863382371381094e-25,2.4614667892456055,-0.05887958558224877,0.2484197155039608
2.498140335083008,-0.0028871274062960838,3.3782386777740275e-15,2.498140335083008,-0.06009008298660511,0.24925569642566778
2.5298702716827393,-0.001808762916701977,8.426861358544237e-21,2.5298702716827393,-0.06013541913205366,0.24928700530547812
2.56310772895813,0.0008962991410009636,3.5064901435290313e-32,2.56310772895813,-0.06016953658962124,0.2493105666248092
2.5973284244537354,0.032951135291347404,3.8775704516711394e-14,2.5973284244537354,-0.057536997053618436,0.24749253978685906
2.6305789947509766,0.03507916134490001,2.420371620190118e-25,2.6305789947509766,-0.056423427060633094,0.24672351620649557
2.6648013591766357,0.036428631643574585,4.030479734583137e-31,2.6648013591766357,-0.05555153664144739,0.24612139489372156
2.703458070755005,0.008854417656492752,-7.107669363553669e-15,2.703458070755005,-0.057305244510664204,0.24733249242741157
2.7304458618164062,0.010538198822972258,-4.437345766643334e-26,2.7304458618164062,-0.05700061878531671,0.24712211082360494
2.7632100582122803,0.012363621433460566,-7.389296923555309e-32,2.7632100582122803,-0.05671047411328555,0.2469217303019372
2.7992382049560547,0.012236549007014904,1.1052530837549092e-13,2.7992382049560547,-0.05663634264456726,0.24687053206591525
2.8288733959198,0.01452654692333197,6.900393961220905e-25,2.8288733959198,-0.05619759156638196,0.24656752066930496
2.8616225719451904,0.015331197351806498,6.900421912346383e-25,2.8616225719451904,-0.05596027041271368,0.24640362136710622
2.894253969192505,0.00909997121983642,-7.1437113061077246e-09,2.894253969192505,-0.05619584376878696,0.24656629366028882
2.929328203201294,0.010826133711763894,-8.934746697646094e-15,2.929328203201294,-0.05588163496300727,0.24634926180064645
2.963003635406494,0.011894108185466448,-1.1168433255520338e-20,2.963003635406494,-0.05569521758994037,0.2462204982362589
2.9954352378845215,0.00016451439260147633,-1.542834748196123e-09,2.9954352378845215,-0.05657199112514403,0.2468260807328396
3.0289487838745117,0.002650014301874334,-9.655291635405196e-21,3.0289487838745117,-0.0565261372665101,0.24679440670981495
3.062241315841675,0.004902912382427418,-6.027590230628562e-32,3.062241315841675,-0.05640723247791962,0.24671227199358137
3.0998544692993164,-0.0054650283948343295,3.5881403788683015e-14,3.0998544692993164,-0.05737215533341426,0.24737878776056743
3.1300690174102783,-0.0034091447168991622,2.242694755522113e-25,3.1300690174102783,-0.05752557212676194,0.2474847633823788
3.1630797386169434,-0.002433861881808504,5.599753958306019e-31,3.1630797386169434,-0.05757883674324451,0.24752155679264717
3.1978437900543213,0.0016607952454338252,6.8282198922853254e-09,3.1978437900543213,-0.05741415435117785,0.24740780056414732
3.227715253829956,0.004888931982872677,2.8574727797611114e-20,3.227715253829956,-0.05727922205547033,0.24731460036158015
3.2637600898742676,0.007052677761813245,1.7824196405732238e-31,3.2637600898742676,-0.05709310470935733,0.24718604600097488
3.2986910343170166,0.0063550674437961195,-1.0460443612686798e-13,3.2986910343170166,-0.0571524120411534,0.24722701252981177
3.327928066253662,0.009277285663566953,-4.3689763568143335e-25,3.327928066253662,-0.05683511827138501,0.24700785200304384
3.3602094650268555,0.010118269569600378,-1.0925896719676186e-30,3.3602094650268555,-0.056685939360642354,0.24690481144013443
3.394289970397949,0.003854180172600282,2.2242121511662105e-14,3.394289970397949,-0.05715703069019093,0.24723020809972177
3.4283154010772705,0.005793348679558123,3.68967218370184e-20,3.4283154010772705,-0.057040251012134856,0.24714955295593677
3.4615774154663086,0.007798082234513826,2.307185761689709e-31,3.4615774154663086,-0.05683450099275869,0.24700744947238043
3.4979186058044434,0.009791214794904074,5.760748897899175e-37,3.4979186058044434,-0.056658231201291896,0.24688570700197823
3.532881021499634,0.0021932946468284503,8.935662200465358e-20,3.532881021499634,-0.05740345156211152,0.24740041245010183
3.562265157699585,0.0029662523538296235,2.2406509704350033e-25,3.562265157699585,-0.057371784417917994,0.24737854084015898
3.595808744430542,0.008317114191837264,-1.0967549705283415e-14,3.595808744430542,-0.05701803570230516,0.24713421691897236
3.6370997428894043,0.010462375027050023,-1.0967625541085295e-14,3.6370997428894043,-0.05678316144639625,0.2469719915777638
3.6640470027923584,0.012065663023478517,-2.755342532668587e-26,3.6640470027923584,-0.056444657586936293,0.24673818991783142
3.6978583335876465,0.007126369589558318,1.273165264897797e-14,3.6978583335876465,-0.05667712184343886,0.24689874774145068
3.730776309967041,0.009057584988579505,5.3988258840155396e-20,3.730776309967041,-0.05641136362458761,0.24671519115537083
3.7598836421966553,0.010023931243741705,5.612552092235026e-26,3.7598836421966553,-0.05625457412033594,0.24660689818795858
3.7944345474243164,0.0037768627649949734,-0.0023928819002478198,3.7944345474243164,-0.05661908729720473,0.24685866281883076
3.8290634155273438,0.006177623541257121,-0.0023928819002478198,3.8290634155273438,-0.05641435575061218,0.24671723792406783
3.861311197280884,0.008098378539210404,-0.032099983311356946,3.861311197280884,-0.05617951969882629,0.24655466910926604
3.897728443145752,0.025511456829872974,-0.026154147688073736,3.897728443145752,-0.05451165945773328,0.24540055415081957
3.931535482406616,0.027484932800278205,-0.026154147688073736,3.931535482406616,-0.05364193714110026,0.24479611620194813
3.9648563861846924,0.028440600826418267,-0.035399995609075294,3.9648563861846924,-0.05318699793557498,0.24447913929999754
4.001262426376343,0.04991423489577229,-0.025219154640868022,4.001262426376343,-0.051133363306545464,0.24305118778149762
4.03915548324585,0.05251011170830148,-0.025219154640868022,4.03915548324585,-0.049031520896047606,0.24158225953821374
4.066641330718994,0.05453990588424509,-3.607635645163305e-14,4.066641330718994,-0.04730355277056093,0.2403734946246287
4.098420858383179,0.10592129520397466,0.00025620915726399173,4.098420858383179,-0.04161167113792033,0.2363960370987072
4.127697944641113,0.10830440201204566,1.834148072137054e-10,4.127697944641113,-0.03811402959979675,0.23394853750563468
4.163076877593994,0.10950235810928777,1.834148072137054e-10,4.163076877593994,-0.03632640402277999,0.23269764150362324
4.200364828109741,0.14446028355409954,0.01574595963076289,4.200364828109741,-0.03201088658373274,0.22967903844707802
4.229780673980713,0.14366158853518887,0.015742210864804613,4.229780673980713,-0.026206016603981495,0.22562166988677787
4.263404846191406,0.1440710349414945,0.015742210864804613,4.263404846191406,-0.023876042432820245,0.22399489739318643
4.29796028137207,0.14510484601420842,0.015742210864804613,4.29796028137207,-0.017961527487623218,0.21986980313349588
4.332230806350708,0.20739646264713277,0.056361257311964306,4.332230806350708,-0.009921561546778607,0.2142910369920593
4.366862535476685,0.21022390565483795,0.05636387787198305,4.366862535476685,-0.0013194716687747196,0.208355501684266
4.394979476928711,0.22430473368767173,0.11800356377811334,4.394979476928711,0.003312176443508108,0.2052435836985046
4.427119493484497,0.22785663857057034,0.11801844401625204,4.427119493484497,0.01085128097013953,0.2001517418249158
4.461597442626953,0.23032102630335533,0.11802111171332492,4.461597442626953,0.01653688286052361,0.19634107090154507
4.49505352973938,0.24315129065647537,0.2566072418731698,4.49505352973938,0.025501409728447742,0.19067825996081905
4.531827211380005,0.24485333790735878,0.2566077538799097,4.531827211380005,0.029634663057785688,0.18804717794116615
4.565096378326416,0.24844492988887107,0.2566072471558465,4.565096378326416,0.04008401615512024,0.1815158619855936
4.6036646366119385,0.24995186841333192,0.2566072471558465,4.6036646366119385,0.044342704296092925,0.17891133541248852
4.635145425796509,0.2892688527182569,0.47477513307252717,4.635145425796509,0.059873042425258594,0.17027379009648916
4.665638208389282,0.2908931621771662,0.47477513307252717,4.665638208389282,0.06522959640830256,0.16734805294074764
4.698064565658569,0.2688480693144422,0.6234999773231443,4.698064565658569,0.07338956574698127,0.1635040538959492
4.730583429336548,0.2711524578985403,0.6234999773231443,4.730583429336548,0.08083781885608604,0.15984870360862455
4.762036323547363,0.2741030351931286,0.6234999773231443,4.762036323547363,0.09058381684229985,0.1553680470834102
4.797151565551758,0.22663996857177213,0.6211583449553659,4.797151565551758,0.09139511931340455,0.15526459842505616
4.832469463348389,0.23118846142751182,0.6211583449553659,4.832469463348389,0.10199221382910864,0.15087427791558775
4.860593795776367,0.2330106877522642,0.6211583449553659,4.860593795776367,0.10633781682350113,0.14919302819893818
4.9036009311676025,0.23495218087807418,0.6211583449553659,4.9036009311676025,0.1110275397167198,0.1474455584924059
4.94022798538208,0.208814091104708,0.5714897846928502,4.94022798538208,0.11822163325388518,0.14503723388840142
4.962188720703125,0.21226106752632964,0.5714897846928502,4.962188720703125,0.126132891226105,0.1424776850063138
4.996358394622803,0.21487433612465906,0.5714897846928502,4.996358394622803,0.13224951516677758,0.14061238947368115
5.0270302295684814,0.17838256526958624,0.43970091934497063,5.0270302295684814,0.13519638759537417,0.13980330051623133
5.063724517822266,0.1804871665283189,0.43970091934497063,5.063724517822266,0.1386575175787419,0.1388338690316307
5.102240324020386,0.18272097980847973,0.43970091934497063,5.102240324020386,0.1423845825745381,0.137825267993013
5.134054183959961,0.15962109679757658,0.2206525376637008,5.134054183959961,0.14741413040480458,0.13624480091077465
5.164726257324219,0.1640864315291766,0.22064974416689326,5.164726257324219,0.15364151108599913,0.1345914678559352
5.203038215637207,0.16719713559004964,0.2206493363586162,5.203038215637207,0.15846935906837156,0.13334102636912984
5.23388147354126,0.14683810210197648,0.13040000140885707,5.23388147354126,0.16199817794101357,0.13236779018696984
5.263687610626221,0.14903501917765163,0.13040000140885707,5.263687610626221,0.16502333609796263,0.1315971246765062
5.310441255569458,0.15247255233762882,0.13040000140943422,5.310441255569458,0.16827998014414958,0.13078045886611933
5.340512037277222,0.14768711562687153,0.06855385953659698,5.340512037277222,0.17417272432253159,0.12932020053136073
5.361889839172363,0.1499578293751207,0.06855385953659698,5.361889839172363,0.17698691123012972,0.12862589544759045
5.396583557128906,0.1521254051003081,0.05548851085680066,5.396583557128906,0.18407803430392103,0.12688597921464465
5.427989959716797,0.15419259341300642,0.05548851085680066,5.427989959716797,0.18704578662788646,0.12616559790266815
5.460899829864502,0.15940683301977113,0.0638999962360989,5.460899829864502,0.19468350174850732,0.12433143606795366
5.494943141937256,0.16927384432456838,0.04657639234776226,5.494943141937256,0.19846055857266742,0.12343066353947801
5.5290846824646,0.17336522013879357,0.029000017870086582,5.5290846824646,0.20513914015439033,0.1218506209767695
5.562319040298462,0.17647810916513823,0.029000017870086582,5.562319040298462,0.21022142601772772,0.12065331123187147
5.5986878871917725,0.18070577465045007,2.0639354624679696e-08,5.5986878871917725,0.2172697537478596,0.11899805621289901
5.63132381439209,0.19605597510439318,0.0034370524371980277,5.63132381439209,0.22204386323657646,0.11787498656135062
5.661651849746704,0.2008701515137633,0.003436616712283866,5.661651849746704,0.23172827104376326,0.11560204124385248
5.700425148010254,0.204336045616048,1.5953525882502483e-09,5.700425148010254,0.23634860234370864,0.11451901566777326
5.728034973144531,0.19905735466423255,-2.364925438114452e-14,5.728034973144531,0.24274784410075254,0.11301837488314258
5.762000799179077,0.20146022122302604,-3.9753766696140616e-20,5.762000799179077,0.2485217876372903,0.11166307803131896
5.803072690963745,0.20544724851596058,-3.9753766696140616e-20,5.803072690963745,0.2564459238632754,0.10980429632434907
5.833179950714111,0.2090933144175366,-4.853294357626099e-09,5.833179950714111,0.2605935568707274,0.10883184046256796
5.863687992095947,0.21515176314446913,-4.852041759574631e-09,5.863687992095947,0.2709504957587166,0.10640216490944233
5.900456666946411,0.21802918693658777,-0.0255999817476477,5.900456666946411,0.27520263182160215,0.10540377853860967
5.933141231536865,0.19391533069850792,-0.032099991916947984,5.933141231536865,0.28067908463369073,0.10411180592800658
5.968080997467041,0.19728765710800733,-0.032099991916947984,5.968080997467041,0.2863325343429688,0.10277528895605313
5.9961090087890625,0.20319570216404473,-0.03209999191694799,5.9961090087890625,0.29419047772521556,0.10090749452261925
6.030677080154419,0.18810383405403627,-0.01578967614415258,6.030677080154419,0.29640919755792167,0.10037621243281869
6.0622289180755615,0.19420522644780852,-0.01578967614415258,6.0622289180755615,0.3057197330451145,0.09815179927863711
6.103937864303589,0.19665462072684703,-0.01578967614415258,6.103937864303589,0.3095404828592192,0.09723654891091811
6.133846044540405,0.1958903531459607,9.914349528850064e-09,6.133846044540405,0.3183900289562487,0.09513721696995492
6.161873817443848,0.1983202277912221,9.914349528850064e-09,6.161873817443848,0.32222866217004104,0.09422367581342825
6.198976039886475,0.2031769706522328,8.257528602691446e-15,6.198976039886475,0.33004299851380536,0.09236397277461668
6.2303688526153564,0.16844353795996045,2.7675327038491265e-08,6.2303688526153564,0.33195324736483,0.091909340695257
6.261328458786011,0.17355819498265734,-0.02119997879371012,6.261328458786011,0.33808168425636803,0.09045020505492522
6.297037839889526,0.1772236060847855,-0.02119997879371013,6.297037839889526,0.3420080341515352,0.08951332940974807
6.333105802536011,0.1308204956133786,1.3832070458404802e-09,6.333105802536011,0.3443362466623379,0.0889544194095828
6.3629655838012695,0.133431407230166,3.455522209238328e-15,6.3629655838012695,0.3469083104696036,0.08834007930704932
6.401724100112915,0.1386641469502782,3.455522209238328e-15,6.401724100112915,0.35221620180682983,0.0870722839674713
6.434143543243408,0.11389939923031644,0.023011451268590683,6.434143543243408,0.3533059199727544,0.08681250191539111
6.464117765426636,0.11903267725298099,0.04200000275356875,6.464117765426636,0.3578242184699555,0.08574102798851085
6.502943754196167,0.12289580074239755,0.04200000275356875,6.502943754196167,0.3613585521101091,0.08490730906640333
6.530955791473389,0.11472660236867771,0.05613686104849225,6.530955791473389,0.36473769558216224,0.0841197495188923
6.562234878540039,0.11734463026006116,0.07149999045123244,6.562234878540039,0.367034988492291,0.08358699569943796
6.59559440612793,0.11989350650802323,0.07149999045123244,6.59559440612793,0.36934692335592173,0.08305404499576931
6.631499528884888,0.11347460173734675,0.05343462876274911,6.631499528884888,0.37397266412009805,0.082003868291408
6.661706209182739,0.11847789131559433,0.05343462876274911,6.661706209182739,0.37847327687128274,0.0809887696657064
6.703287601470947,0.12228404579795488,0.05343462876274911,6.703287601470947,0.38202833164271943,0.08019287131467864
6.730413198471069,0.1311385806243712,0.1608999786950817,6.730413198471069,0.38501255491876546,0.07956131811110892
6.7643821239471436,0.13620741475849468,0.1608999786950817,6.7643821239471436,0.39023860434691604,0.07845503592069934
6.80092716217041,0.1436603394092215,0.16089997868879946,6.80092716217041,0.3945170193312012,0.07757032351979043
6.8304455280303955,0.15171350876409073,0.15550000450671483,6.8304455280303955,0.40054616303483004,0.07636309555937094
6.8637778759002686,0.15449940502833484,0.15550000000001138,6.8637778759002686,0.4035110318434709,0.07578475713888813
6.894989728927612,0.161881616588255,0.16639998235016235,6.894989728927612,0.411261106874119,0.07431269165539252
6.928650379180908,0.16010212450163716,0.1634418856278942,6.928650379180908,0.41399642613682647,0.07381564910496846
6.963480710983276,0.1661725118638541,0.16344365661340782,6.963480710983276,0.422003262335376,0.07238836562218075
7.001431703567505,0.16890698710934804,0.1359000131560804,7.001431703567505,0.4253223796072845,0.0718139887062898
7.030463933944702,0.1627395505750914,0.11510002369493585,7.030463933944702,0.4308907740575276,0.0708906791666996
7.064349174499512,0.16655867093031457,0.11510002369493585,7.064349174499512,0.43569842392104946,0.07010085636313479
7.09800910949707,0.17173520571883255,0.09330003633413997,7.09800910949707,0.44239775191771974,0.0690313561231313
7.129471778869629,0.16290035715464127,0.09000000823362334,7.129471778869629,0.4447080556586734,0.06868021225596858
7.166000127792358,0.16928835471923362,0.10749997092386301,7.166000127792358,0.45289001655336625,0.0674261082873992
7.195890188217163,0.17185909491797466,0.10749997092386301,7.195890188217163,0.45627342702215296,0.0669204727114016
7.228282928466797,0.17228092878051823,0.1191620172073531,7.228282928466797,0.4626767534141833,0.0659912433627402
7.2637786865234375,0.17610053851251675,0.1191620172073531,7.2637786865234375,0.4678369426386595,0.0652570663503076
7.303113698959351,0.18323710662015238,0.08890001157060284,7.303113698959351,0.47509356009075415,0.06424995250585736
7.333045959472656,0.15371528466398032,0.07910002453305862,7.333045959472656,0.4755856164126618,0.06420541782062089
7.364022731781006,0.1592357790855462,0.08349999724523166,7.364022731781006,0.4832855607344083,0.06318276162663773
7.39920973777771,0.16173893659542815,0.084599997252351,7.39920973777771,0.48647307990047756,0.06276963381426524
7.430196762084961,0.16542881574886395,0.10089996775413865,7.430196762084961,0.49438584643976563,0.06176910331591614
7.463039398193359,0.16804272924842298,0.08460001687804448,7.463039398193359,0.49775714249887326,0.061354401751900906
7.500365257263184,0.172959937964674,0.08350000134525402,7.500365257263184,0.5046782067260063,0.06052197423220667
7.540640354156494,0.1450662477976295,0.08350000373546543,7.540640354156494,0.5062634417171206,0.06035718228229487
7.560162782669067,0.14936963748840432,0.09989998321201114,7.560162782669067,0.5120178698546958,0.059699628591076706
7.601293563842773,0.15208917377807593,0.09989998321201116,7.601293563842773,0.5150482997792011,0.059362365316598324
7.631162405014038,0.1642626653779323,0.09966283702947774,7.631162405014038,0.5189825017442949,0.058928480747838165
7.664448022842407,0.17081613050605787,0.09966283702947774,7.664448022842407,0.5273110017710023,0.05804522302714463
7.7018327713012695,0.17481855829606296,0.09965971702746101,7.7018327713012695,0.5341854765143673,0.05734906491952947
7.736330270767212,0.1449964593479156,0.08516624916467744,7.736330270767212,0.5357654825770533,0.05721139535234209
7.7654993534088135,0.15027348267336224,0.08350000085808258,7.7654993534088135,0.5415858929356505,0.05665417525015434
7.79955792427063,0.154234068190409,0.08350000085808258,7.79955792427063,0.546137271930117,0.0562301991119022
7.827890396118164,0.15708836743106153,0.143541681764944,7.827890396118164,0.55189465966148,0.05572662409345135
7.861018657684326,0.16056088947583766,0.12710000938491908,7.861018657684326,0.5550809494671651,0.055456545790004134
7.89924168586731,0.16390001904819007,0.12710000938491908,7.89924168586731,0.5583515279017982,0.05518889989440688
7.929226398468018,0.15737739891855995,0.1267515116035304,7.929226398468018,0.5651130567157633,0.054679146787516855
7.963733673095703,0.16560139735337318,0.15329998193378577,7.963733673095703,0.5715440021183157,0.054224392281288426
7.999723434448242,0.171096938867339,0.15329998193378577,7.999723434448242,0.576582889400932,0.05388951906084386
8.044516801834106,0.13708177055076415,0.136488586937011,8.044516801834106,0.5763384420538002,0.05394392797426507
8.062355518341064,0.14619553665732088,0.11510001920877015,8.062355518341064,0.582047094985587,0.053612889465185894
8.096972465515137,0.15030901053906934,0.11510001920877015,8.096972465515137,0.5850377748465774,0.05345003825362515
8.13304877281189,0.12573984578243433,0.09770001239221028,8.13304877281189,0.5890802316473462,0.0532727393917962
8.161716938018799,0.13454464536236033,0.09440000411774335,8.161716938018799,0.5942914371684689,0.053034035753950985
8.196948289871216,0.1406882233619828,0.1052999890862268,8.196948289871216,0.5984111280431254,0.052856114142875166
8.23055100440979,0.14478194959231724,0.1052999890862268,8.23055100440979,0.6012587090622094,0.05274157383791175
8.262818813323975,0.08292580304535364,0.08680001574683699,8.262818813323975,0.5987328145795546,0.05289503479314951
8.296775341033936,0.08961112905998277,0.08680001574533854,8.296775341033936,0.6013455259613144,0.052806017279738805
8.333184719085693,0.11876065764842746,0.08922755942279889,8.333184719085693,0.6074460038594486,0.05260477291131023
8.362882375717163,0.12242126924191415,0.08922755942279889,8.362882375717163,0.6097010844961288,0.052541728471581166
8.396981000900269,0.1321734806602827,0.08922755942279889,8.396981000900269,0.6160433963713866,0.05238188197010121
8.428353071212769,0.12441049731902473,0.10908907580096941,8.428353071212769,0.6196770770813339,0.052327316679538195
8.460435390472412,0.1295708925437501,0.10910261969174954,8.460435390472412,0.6222393976574447,0.052286232694636815
8.4965078830719,0.1356792496727983,0.10910038927131806,8.4965078830719,0.6262200787479847,0.052229135819632844
8.533255815505981,0.13318705527438837,0.17949417977720172,8.533255815505981,0.630797487644082,0.052244841097314705
8.563314437866211,0.13717069827093328,0.19259999247081067,8.563314437866211,0.6334473333812444,0.0522524836426597
8.60290813446045,0.14760341680812283,0.19259999247081067,8.60290813446045,0.640558964003623,0.05230262781545254
8.639718055725098,0.15179644307766238,0.19369999921452338,8.639718055725098,0.6435637828086288,0.05234572748195815
8.664391994476318,0.1135825873839985,0.2001999891720195,8.664391994476318,0.6450116198850538,0.052452855999747625
8.704543590545654,0.11768410670120744,0.1926000094830114,8.704543590545654,0.6473311382344089,0.05251793114745115
8.731475114822388,0.1269871773425497,0.1926000094830114,8.731475114822388,0.6523144136761678,0.05268733998049377
8.762064218521118,0.11675006132627613,0.20115561588837333,8.762064218521118,0.654240567193257,0.052789867245859975
8.794793128967285,0.12524454698446824,0.20115561588837333,8.794793128967285,0.6590851661969651,0.0530217253409853
8.831067085266113,0.1188713743253686,0.15169296053664327,8.831067085266113,0.660737289842763,0.05311661354330734
8.864975690841675,0.12942084746769153,0.15219999974432127,8.864975690841675,0.6669439424269393,0.05347114628436658
8.904518127441406,0.13364287172175324,0.15219999974432127,8.904518127441406,0.6695747555552667,0.05363656935074694
8.93521237373352,0.14242608711004007,0.15219999974432127,8.93521237373352,0.6753165406579581,0.05402447645608296
8.96128535270691,0.15816509123551373,0.10970001211685759,8.96128535270691,0.6805006514720054,0.05438503155543829
8.998344659805298,0.16661126923389655,0.10970001211685759,8.998344659805298,0.6869459213612249,0.05487500740852517
9.03165316581726,0.1551908860266523,0.11290001000201413,9.03165316581726,0.6903288303116826,0.05516335478816731
9.061772346496582,0.16461532333228557,0.10970000407110417,9.061772346496582,0.696610881247832,0.0556927774162228
9.098294973373413,0.16864353232041765,0.10970000407110417,9.098294973373413,0.6999194521970471,0.05598129287354555
9.141458749771118,0.17471221627211533,0.10970000407110417,9.141458749771118,0.7037404853088958,0.05632461293872234
9.165720462799072,0.16986067786384013,0.10639999655314807,9.165720462799072,0.7103637131105287,0.05695620670410908
9.198528051376343,0.1787445541997495,0.12059998222836317,9.198528051376343,0.7172726048700903,0.05763343881873589
9.231273651123047,0.18580253751561193,0.13479997675038097,9.231273651123047,0.7228104643619545,0.058195236831876364
9.264330387115479,0.16510439803376634,0.13479996033233343,9.264330387115479,0.7267721382625869,0.05864432048601369
9.30208945274353,0.17207381565006075,0.13479996033233343,9.30208945274353,0.7318660759896936,0.05920751783588599
9.327695369720459,0.1569182367195182,0.15144305998679042,9.327695369720459,0.7363721861517313,0.05975589326394593
9.361386775970459,0.16120841833200317,0.1685999894863268,9.361386775970459,0.739512040234868,0.0601385173014804
9.396279096603394,0.16497481074771253,0.1685999894861971,9.396279096603394,0.7427563743104244,0.06054295569101043
9.429383993148804,0.13096252894086544,0.19719936768600885,9.429383993148804,0.7471491208261191,0.06115070393407032
9.463774919509888,0.13969496236932705,0.19719899604061342,9.463774919509888,0.7524742352842225,0.06189530313827068
9.502646684646606,0.14638619616316262,0.20569999631608982,9.502646684646606,0.7567307452795824,0.06251755194628447
9.533344268798828,0.15086733987484707,0.20569999631608982,9.533344268798828,0.7596981264262792,0.06296950242624573
9.5616934299469,0.15298656242794031,0.21058239433178824,9.5616934299469,0.7651832498313714,0.0638516096810643
9.598123788833618,0.15722054279636824,0.21058239433178824,9.598123788833618,0.7681088865012855,0.06433568048266818
9.628361701965332,0.07903947075241974,0.2105146752399487,9.628361701965332,0.7674583617186674,0.06432969804357737
9.663377285003662,0.08323987830230198,0.2105146752399487,9.663377285003662,0.7690319864518902,0.06461357596777689
9.697622299194336,0.09391135475405855,0.2105146752399487,9.697622299194336,0.7733908599761801,0.06543030559421682
9.732331275939941,0.09816334782570725,0.2105146752399487,9.732331275939941,0.7752710855568644,0.06579808792456407
9.764598369598389,0.10205220684871352,0.13690000135584526,9.764598369598389,0.7794986827550296,0.06661133324492316
9.797739028930664,0.10630152731679536,0.13690000135584526,9.797739028930664,0.7815432044428137,0.0670236087012035
9.832558393478394,0.11488065494153671,0.1467999945259189,9.832558393478394,0.7859213024306216,0.06792593062672364
9.86334753036499,0.11265639024081314,0.14679997749462567,9.86334753036499,0.7884601130689918,0.06846961962899258
9.897849082946777,0.12102107562695584,0.14570000110484985,9.897849082946777,0.792991656290055,0.06945187085984242
9.93004035949707,0.12524505517237408,0.14570000110484985,9.93004035949707,0.7954009857708504,0.06998500889267419
9.961872100830078,0.10150928864266034,0.15989997918889143,9.961872100830078,0.7978568821611592,0.07056899909140238
9.999347448348999,0.10487052668511859,0.15989997918889143,9.999347448348999,0.7998650675354226,0.07103457150300074
10.035630941390991,0.1116845032824021,0.15220000636618794,10.035630941390991,0.8041320008572281,0.07204546750574098
10.062953472137451,0.12782528889344114,0.1522000001637062,10.062953472137451,0.8087029419562592,0.07313407181450542
10.102173089981079,0.1336590273128262,0.1239000200573184,10.102173089981079,0.8138900599686401,0.07442156001451092
10.133284568786621,0.13637382241744792,0.1379999629401918,10.133284568786621,0.8163802921783165,0.07505055484804714
10.164543390274048,0.1355438344636202,0.14019999607680864,10.164543390274048,0.8223070169165664,0.07657756791802837
10.199947834014893,0.13801716266819414,0.14789998994580936,10.199947834014893,0.8249542095869646,0.07727241455579445
10.227997779846191,0.14108531064598476,0.16309996228105267,10.227997779846191,0.831545135234302,0.07903385958678677
10.26169466972351,0.12650995125529144,0.16846578263967343,10.26169466972351,0.8326723863163317,0.07936108123769285
10.299013614654541,0.13105909648384012,0.16846423648688338,10.299013614654541,0.8376549988141696,0.08075395758747171
10.335864305496216,0.13366200540008819,0.18379999317603182,10.335864305496216,0.8416875864920386,0.08190461575793041
10.364469528198242,0.17993030184979614,0.17080001709232268,10.364469528198242,0.8513239379406681,0.08467152119924543
10.39636492729187,0.1825350707958938,0.17080001709232268,10.39636492729187,0.8548295188265886,0.08571998270211428
10.430254220962524,0.18542147617272262,0.17080001709232268,10.430254220962524,0.8585193672252607,0.08683700523299982
10.464043855667114,0.15790610176895833,0.19260000044881515,10.464043855667114,0.8638419480119934,0.08852762670908274
10.494182109832764,0.16002501156394258,0.18820000534727582,10.494182109832764,0.8670435255910973,0.08954283178817098
10.531497716903687,0.16502421023749927,0.17510001313974466,10.531497716903687,0.8747505111410123,0.09204051793428551
10.565585613250732,0.15929273412909953,0.17510000407207704,10.565585613250732,0.8797327618009326,0.09371993457924793
10.59913182258606,0.16283264921133794,0.1794999968093314,10.59913182258606,0.8843282912149476,0.09527931146782888
10.628506422042847,0.16847156441255653,0.1794999968093314,10.628506422042847,0.8906087077969912,0.09746080197808928
10.66137957572937,0.12169785567128599,0.17545189543543163,10.66137957572937,0.8889982274257355,0.09696351628578727
10.698993682861328,0.12423116254131503,0.17545189543543163,10.698993682861328,0.891358881508468,0.09780684888006093
10.730202436447144,0.13198920345496334,0.17544694046050044,10.730202436447144,0.8974232799038047,0.10001335101995296
10.76404881477356,0.10575782841116792,0.21168049170640987,10.76404881477356,0.8988209894755954,0.10060226226406102
10.801687955856323,0.11007446811761026,0.2116795101785566,10.801687955856323,0.9018238701641931,0.10175147976191956
10.833730459213257,0.11310350263475566,0.2116795101785566,10.833730459213257,0.9038967802402939,0.10256012259556108
10.86235785484314,0.11796094332696651,0.32526229302028653,10.86235785484314,0.908138422168233,0.10432597414724656
10.89799976348877,0.12111181380440478,0.32526880600859076,10.89799976348877,0.9114370349008799,0.1057044670778592
10.93328595161438,0.1266850500713178,0.3252664807087456,10.93328595161438,0.9160988206714369,0.10772644274355922
10.964348554611206,0.10121316798412523,0.31509756052247606,10.964348554611206,0.9157982543188733,0.10765360299279332
10.999260187149048,0.10799385300984382,0.31510698820748834,10.999260187149048,0.9205452493541718,0.10982104608113188
11.038184404373169,0.1123754299788037,0.31509574416642006,11.038184404373169,0.9244971306615676,0.11169720516224835
11.062638998031616,0.07303629201212276,0.2028353962833901,11.062638998031616,0.9229241894404027,0.11095103106946883
11.096812963485718,0.07526945829485265,0.17730001287602137,11.096812963485718,0.9242153425495002,0.11156014842652127
11.131906986236572,0.07916255609272697,0.17839999742425,11.131906986236572,0.9270245095746783,0.11292636900067723
11.161657333374023,0.07460500071206408,0.16859998518860742,11.161657333374023,0.9283797073567867,0.11360649895757859
11.193847179412842,0.07896303712044558,0.16859998518860742,11.193847179412842,0.9311198139194451,0.11498028723032652
11.233802556991577,0.08115108632771278,0.19369997907029016,11.233802556991577,0.9325504380014029,0.11570686630543486
11.263025999069214,0.10576202366945972,0.1883721319817527,11.263025999069214,0.9382679960248296,0.11863265784192055
11.300952672958374,0.10797604657945856,0.1883721319817527,11.300952672958374,0.9401592967799443,0.11962480273570289
11.331960201263428,0.11237652650860408,0.16420001103477477,11.331960201263428,0.9440898975353731,0.12171243297294466
11.36544156074524,0.11975669365510504,0.16420004006338215,11.36544156074524,0.9474568666153633,0.12351794567102416
11.396791934967041,0.1241853602158262,0.16420004006338215,11.396791934967041,0.9517171230369633,0.12584506919049676
11.428224563598633,0.12641785019734197,0.17289999514252075,11.428224563598633,0.9539171915898034,0.12706143894500985
11.46036982536316,0.12423043360424867,0.1814232048561988,11.46036982536316,0.958710379795024,0.1297612317481682
11.49657917022705,0.1276942364938269,0.20349998401668545,11.49657917022705,0.9609364416905762,0.13103143665677788
11.535490274429321,0.12820887996890604,0.20349998401909297,11.535490274429321,0.9631018198469647,0.13227340840787843
11.565907955169678,0.1501729012011132,0.2427999771649864,11.565907955169678,0.9702482691874009,0.13643461444785304
11.602752685546875,0.15516896711944375,0.2427999771649864,11.602752685546875,0.9754763406603861,0.13956437768772587
11.633728504180908,0.15808822903855255,0.24279997716429738,11.633728504180908,0.9795368211542037,0.14203451535936323
11.66637396812439,0.16392785699675755,0.23400000488737138,11.66637396812439,0.9849892809173115,0.14542477861560393
11.698241710662842,0.1343071465581578,0.22692037191754236,11.698241710662842,0.9846960120575371,0.145316057975735
11.731956005096436,0.14135830391862267,0.20780001121424171,11.731956005096436,0.9905076917420241,0.14904353816614802
11.759559154510498,0.172628406656462,0.1937000354395583,11.759559154510498,0.9952291295085886,0.15206978726517695
11.795506954193115,0.17544753599555238,0.1937000354395583,11.795506954193115,0.9981605627253051,0.15400134175346886
11.833352327346802,0.18244260488728206,0.1937000354395583,11.833352327346802,1.0056083120694748,0.15897597653873904
11.860093116760254,0.1463947990056426,0.18616826567946668,11.860093116760254,1.0076996767709652,0.16047946960414974
11.897138833999634,0.15048397321293805,0.18616826567946668,11.897138833999634,1.0113745655256297,0.16301230803447816
11.932713270187378,0.15321485207484264,0.18616826567946668,11.932713270187378,1.01387542566597,0.16475670132043102
11.96634840965271,0.1378694710827809,0.16687565854905803,11.96634840965271,1.0170453707273641,0.16702287075852576
12.001518487930298,0.14086125267189098,0.16687565854905803,12.001518487930298,1.0193621001538924,0.1686717259150517
12.035253524780273,0.14809668137466028,0.16687565854905803,12.035253524780273,1.0251482060608184,0.17283685414450584
12.064130544662476,0.08787473227548184,0.24583894748536192,12.064130544662476,1.0239399505041848,0.17213822979097937
12.095606565475464,0.09127767367008317,0.24583839517332345,12.095606565475464,1.026071574608008,0.17374308793766452
12.13519835472107,0.09379968604797648,0.24583839517332345,12.13519835472107,1.0275754732729343,0.17489339941590937
12.162546873092651,0.0866183855764109,0.29924593677729294,12.162546873092651,1.0295891029424096,0.17653143149056588
12.201655864715576,0.08913352601237254,0.29924593677729294,12.201655864715576,1.0310004094408356,0.17765725354481782
12.234831809997559,0.09524936858163197,0.29924593677729294,12.234831809997559,1.034572256122803,0.1805644663761449
12.265436172485352,0.06518426754625709,0.2518610243925499,12.265436172485352,1.0337691557287574,0.1799365937456525
12.30496859550476,0.07113269577016669,0.2518610243925499,12.30496859550476,1.0363740240873665,0.1821253718673738
12.336004257202148,0.07427950397287521,0.251859514613865,12.336004257202148,1.0385293835992937,0.1839794999697808
12.364084005355835,0.07619218607931696,0.13344324582134037,12.364084005355835,1.0401754283489026,0.18531635262020613
12.395180702209473,0.07811153143695772,0.11400001085059659,12.395180702209473,1.0413441518792852,0.1863164223667391
12.434815168380737,0.08230689076867274,0.11290000278059546,12.434815168380737,1.043783269440909,0.18843386324744488
12.463906049728394,0.10439100850324565,0.11663821111029272,12.463906049728394,1.0469824110037294,0.19121781806480442
12.497507572174072,0.10865862279898171,0.11663821111029272,12.497507572174072,1.0501814527867044,0.19404028655755456
12.534122467041016,0.11078798492166585,0.11663821111029272,12.534122467041016,1.0518204931554607,0.19549660072337366
12.567178964614868,0.10841378863305122,0.1221666899663999,12.567178964614868,1.0554749997191597,0.1987765120224644
12.603092432022095,0.11010765223803726,0.1221666899663999,12.603092432022095,1.057105244935917,0.2002503676722271
12.635328769683838,0.11350932276000718,0.1221666899663999,12.635328769683838,1.0604442788762376,0.20329158601392186
12.661847352981567,0.12989838205681925,0.17082283608447923,12.661847352981567,1.0638598911145838,0.20646190769814834
12.696586847305298,0.13139152365741208,0.17080450563377622,12.696586847305298,1.0676284402888228,0.2099870032771286
12.734681367874146,0.1326379127710703,0.17080450563377622,12.734681367874146,1.0695558222889674,0.21181015729118885
12.764146089553833,0.1364866917443314,0.21439998754683853,12.764146089553833,1.0744244160088119,0.21651833492670158
12.801340818405151,0.12309915097595368,0.20890001323959398,12.801340818405151,1.0752428371719616,0.21735901253258924
12.82915735244751,0.12637095585809296,0.2089000132395939,12.82915735244751,1.0795865773178175,0.22166020064028846
12.866153955459595,0.12784540999802343,0.21659999444095795,12.866153955459595,1.0813797583005067,0.2234643636676015
12.904088020324707,0.15592743632868766,0.21220000984386805,12.904088020324707,1.0871469723387803,0.22927722050898935
12.937451839447021,0.15819462294540362,0.19690001590772238,12.937451839447021,1.0904733994591516,0.2327113171656097
12.961961030960083,0.13596369434567243,0.1972299046767041,12.961961030960083,1.0929464240573612,0.23536649859408992
13.00073766708374,0.1383634466855149,0.1972299046767041,13.00073766708374,1.0957641127823285,0.23835852074559755
13.034743785858154,0.139937526833594,0.17180001462907474,13.034743785858154,1.0976584073833457,0.24039149003184346
13.061859130859375,0.1426916479865969,0.18709996197038964,13.061859130859375,1.1014806024472963,0.24453828339650652
13.100043296813965,0.16848854424204374,0.1972987049135217,13.100043296813965,1.105049212815084,0.2484090108149837
13.137297630310059,0.173320597708875,0.197298744827478,13.137297630310059,1.1108126312655073,0.2548122172097333
13.165221452713013,0.1770836563924503,0.1893000031942238,13.165221452713013,1.1153950737739895,0.25999922646535656
13.20151662826538,0.15792872546190917,0.18930000464139587,13.20151662826538,1.1172800900190274,0.2622038852950393
13.23995590209961,0.15981929909529388,0.18930000464139587,13.23995590209961,1.119367939100621,0.2646219963449596
13.26892900466919,0.16361605083542388,0.2187999789444353,13.26892900466919,1.123605203433907,0.2695914355844087
13.302096366882324,0.13840165040545982,0.215957361782382,13.302096366882324,1.124089796524834,0.2702223473276803
13.337033748626709,0.14210266686225312,0.21595186998594307,13.337033748626709,1.1285937659852288,0.27564819156018766
13.361887216567993,0.11376844409583173,0.22269762162397025,13.361887216567993,1.1302701475670431,0.2777733519307829
13.395432233810425,0.11632671160877936,0.22269668538742146,13.395432233810425,1.1324301441146638,0.280470690928732
13.430153131484985,0.11786251806018999,0.22269668538742146,13.430153131484985,1.1338872735488899,0.28231453399044615
13.460578918457031,0.12175424015799476,0.22269594315622984,13.460578918457031,1.136878594639911,0.2861531498425438
13.496241331100464,0.12968551921799695,0.3153990644977214,13.496241331100464,1.138708924664541,0.2886105377338013
13.532434225082397,0.13402810538268492,0.3321999910721658,13.532434225082397,1.1425945514484355,0.29386507748089175
13.562575578689575,0.13866509453505607,0.3321999910686282,13.562575578689575,1.145751809560827,0.2982704096961956
13.604862213134766,0.1318592701455593,0.34399959632696797,13.604862213134766,1.1475369608726356,0.3008537523379614
13.630194664001465,0.1373659624119958,0.3439976420107295,13.630194664001465,1.1505867994012908,0.30533315992473475
13.661225080490112,0.10264680206819543,0.2976347735985731,13.661225080490112,1.1506269681396957,0.30550305610810674
13.69524598121643,0.10535008736931623,0.29763835191902954,13.69524598121643,1.1521015309052534,0.30774111509515534
13.728698492050171,0.10986920561502672,0.2842000065587698,13.728698492050171,1.1544516818845856,0.3113841246928436
13.761327505111694,0.08181030816143013,0.26350000035657334,13.761327505111694,1.1544109223386536,0.311399979726692
13.794662714004517,0.08693654916672382,0.2635000003541287,13.794662714004517,1.15659601469298,0.31492389388523345
13.82971739768982,0.08904002678092675,0.2635000003541287,13.82971739768982,1.1575084103871656,0.3164284790053475
13.867407321929932,0.09430953541046361,0.2635000003541287,13.867407321929932,1.1598564535528229,0.32037561812725773
13.898751974105835,0.09137736795283954,0.2530526266513451,13.898751974105835,1.1605536805215195,0.32159071770912634
13.93110203742981,0.09560666984582977,0.2530526266513451,13.93110203742981,1.1624245822462973,0.32486233803931597
13.963419437408447,0.09870632543817125,0.2530526266513451,13.963419437408447,1.1638304804408568,0.3273648879101216
13.995544195175171,0.10703268100559289,0.3235355902509607,13.995544195175171,1.1660517676663764,0.3314809349055312
14.028737306594849,0.10967697094331118,0.32353631176550196,14.028737306594849,1.1670656479467207,0.3333997130248128
14.062376976013184,0.11500752774032054,0.3235357311566654,14.062376976013184,1.169636499379144,0.33838552392570703
14.101118803024292,0.1252487393512807,0.34545222765656525,14.101118803024292,1.1710309359271531,0.3411709082537139
14.132944822311401,0.12940661725407293,0.3454476626994667,14.132944822311401,1.1732768089071093,0.3457998875667723
14.16396164894104,0.132681068665812,0.3454476626994667,14.16396164894104,1.1749357020725848,0.3493143747755309
14.200670719146729,0.1120940911946737,0.35303946466268626,14.200670719146729,1.1759839360010702,0.3517714637778207
14.233551263809204,0.11396088896827411,0.35303946466268626,14.233551263809204,1.176899805487491,0.3538439161980768
14.262778043746948,0.11861688273886786,0.35303946466268626,14.262778043746948,1.1791893768961685,0.3591882754739357
14.330105543136597,0.10401934775164322,0.23221750731872923,14.330105543136597,1.1811036040786351,0.3635830268110554
14.360676050186157,0.12652273462116828,0.1609000007290528,14.360676050186157,1.1834849488703016,0.36921241047758196
14.393406867980957,0.12886944778371084,0.17399997817912904,14.393406867980957,1.1849264193544329,0.3727640993198183
14.428063869476318,0.13149589262335773,0.17399997817912904,14.428063869476318,1.1868493005257352,0.37759124019086215
14.46023178100586,0.13437133248295305,0.17341928694061678,14.46023178100586,1.187853940974985,0.38015545099913545
14.499624490737915,0.13656454924002348,0.17341928694061678,14.499624490737915,1.1893267506379435,0.3839494590336602
14.53237795829773,0.14030830537489694,0.18279999556371113,14.53237795829773,1.191323605119072,0.38920813738485915
14.561570405960083,0.14198918155999793,0.18279999556377866,14.561570405960083,1.1922966709337934,0.39181208442009396
14.598868131637573,0.14983329285994978,0.18543398516490203,14.598868131637573,1.1949392619512593,0.39901183734366613
14.635406255722046,0.15150275508370997,0.21659998141285466,14.635406255722046,1.1959250435018407,0.40176478169136404
14.662365913391113,0.1554050528467384,0.21659998141285466,14.662365913391113,1.1981250251248527,0.40802217852862654
14.69404649734497,0.12123620152694564,0.25951574552246004,14.69404649734497,1.1981767507538628,0.4083356703600137
14.731751918792725,0.12476335687597152,0.25951574552246004,14.731751918792725,1.199734484251989,0.41302425319151587
14.763095617294312,0.12739041536654985,0.25951574552246004,14.763095617294312,1.2008957743968163,0.41661289486611913
14.794970273971558,0.10770468637152217,0.23924802448377083,14.794970273971558,1.2016267237318203,0.4190642332103908
14.834667444229126,0.10850226222281834,0.2253000067279669,14.834667444229126,1.2022480584323032,0.4210813682512221
14.865372657775879,0.11011784648672795,0.2253000067256081,14.865372657775879,1.2037919227853977,0.42625174924260073
14.900959491729736,0.09369645870617214,0.3019118822847609,14.900959491729736,1.2039047207444793,0.42674451646048484
14.938355207443237,0.09591708921212797,0.3026999994090484,14.938355207443237,1.2049249657783774,0.4304114100712459
14.961057424545288,0.0975610525151438,0.3026999994090484,14.961057424545288,1.2056716558880836,0.4331928159655143
14.999111652374268,0.10045014263112789,0.27897114224514474,14.999111652374268,1.20667106056733,0.43708954314506565
15.03432321548462,0.10154939690924929,0.27897114224514474,15.03432321548462,1.2071531534643658,0.4390394000387747
15.060634851455688,0.10411602198888419,0.2994999924396614,15.060634851455688,1.2083420958445346,0.4440503990924202
15.098819732666016,0.09172141416067213,0.29949998735864064,15.098819732666016,1.2085017612407976,0.44486996023367636
15.137423276901245,0.09316970193854104,0.31579998651300006,15.137423276901245,1.209287279043116,0.44850569654846
15.161164999008179,0.09517796511059366,0.31579998651300006,15.161164999008179,1.209861769592493,0.45129523035655345
15.201016902923584,0.1263492940821494,0.2994690436226655,15.201016902923584,1.2112539429342497,0.45818704916586206
15.232836484909058,0.1278341817921891,0.2994690436226655,15.232836484909058,1.2119493298074713,0.46196756172696574
15.262084245681763,0.13021324407920537,0.27110002168294944,15.262084245681763,1.212834725423944,0.4670903433230552
15.295089721679688,0.1442064677563025,0.2711000718120117,15.295089721679688,1.213492142619397,0.47094417818615814
15.329715251922607,0.14582546361704748,0.2711000718071182,15.329715251922607,1.214599299059319,0.4780933654442847
15.365197658538818,0.14664059674369548,0.264600003586758,15.365197658538818,1.2150299884442464,0.48107651396336504
15.403834581375122,0.14071079103226067,0.24930003769141115,15.403834581375122,1.2153719131416714,0.4836476520610101
15.431893348693848,0.14146100070536619,0.24930003769130318,15.431893348693848,1.2162365090067169,0.4902900646831641
15.463234186172485,0.14226213960666967,0.24930003769128986,15.463234186172485,1.2169024938672575,0.4959232046469578
15.496915102005005,0.13809088434061764,0.27172351630731356,15.496915102005005,1.2173060594057332,0.49968436570541025
15.526988744735718,0.13904694513952387,0.27172351630731356,15.526988744735718,1.2178433109810651,0.5051170436707899
15.561140775680542,0.1391066488073865,0.24930000883593353,15.561140775680542,1.2180980939270019,0.5078659737622463
15.597376346588135,0.16432874517210427,0.24930006114318268,15.597376346588135,1.2185735634490795,0.5129201961092786
15.63357138633728,0.1656322471009222,0.24930006114318268,15.63357138633728,1.2192230591030753,0.5212031056306228
15.667851448059082,0.16664853110206643,0.24930006114318268,15.667851448059082,1.2196552242082488,0.5277119888245676
15.701597452163696,0.13654869164252087,0.31893014972992656,15.701597452163696,1.2196820846095358,0.529414146276874
15.734242916107178,0.13752414465392673,0.34859998283511184,15.734242916107178,1.2199089275530892,0.534901063866939
15.763364553451538,0.13797961540175743,0.3659999782511519,15.763364553451538,1.2199962992998783,0.5376603969567468
15.797746896743774,0.12137750496642025,0.36855975514292794,15.797746896743774,1.2199941650770398,0.5389879768212522
15.835570335388184,0.12236286421994476,0.3442000243390791,15.835570335388184,1.220070905945158,0.5450815892232327
15.86302638053894,0.12276804402769373,0.3442000243390791,15.86302638053894,1.2200692095258006,0.5475220848691796
15.896625280380249,0.09062325898202554,0.34789712182009197,15.896625280380249,1.2199634305115095,0.5499051189388823
15.926735401153564,0.09128441252409783,0.3478977744988014,15.926735401153564,1.21986177521354,0.5535228426244201
15.964064598083496,0.09175648924635821,0.3478977744988014,15.964064598083496,1.2197910568693384,0.5553507072794662
15.997257471084595,0.06131196990465546,0.3624306626621959,15.997257471084595,1.2197375085648028,0.5549407722804892
16.031449794769287,0.06109382827036768,0.3624378929832925,16.031449794769287,1.2195895303985502,0.5573876788574751
16.061814785003662,0.06220717535329267,0.3624327553033612,16.061814785003662,1.2194938724026294,0.5587057799572955
16.102396488189697,0.08418479181182022,0.2771115886762944,16.102396488189697,1.2191264456806437,0.564151251160899
16.133006811141968,0.08436683142643643,0.2771124661291433,16.133006811141968,1.2188255859380364,0.567484385489752
16.16447138786316,0.08454894006410793,0.2771126882205966,16.16447138786316,1.2185779268418886,0.5699878353534984
16.19548535346985,0.0801909507835298,0.1956652808185515,16.19548535346985,1.218483450279408,0.5712188616395075
16.235862493515015,0.08110576250719428,0.2088999923368913,16.235862493515015,1.2181316712960137,0.5744526899048674
16.26251196861267,0.08184889828775319,0.2088999923368913,16.26251196861267,1.217860012286834,0.576840617518651
16.302921533584595,0.13000490207576174,0.15632709347947452,16.302921533584595,1.2168992853139677,0.5853341285292827
16.333161115646362,0.1294811969241092,0.15631894348648764,16.333161115646362,1.2165793616326894,0.5878892562015456
16.362732410430908,0.12991762784343217,0.15631894348648764,16.362732410430908,1.2157376853861024,0.5943187271610292
16.39788556098938,0.1546178856401455,0.24182719312870993,16.39788556098938,1.2150451366338737,0.5993261154062488
16.435455560684204,0.15508772335036503,0.24182719312870993,16.435455560684204,1.214123432677521,0.6054942765953473
16.46173858642578,0.15543488556886967,0.24182719312870993,16.46173858642578,1.2134072103910183,0.6100588449569284
16.49737310409546,0.17032268941056683,0.34881321532553333,16.49737310409546,1.2120238824562417,0.6177701363395842
16.534979343414307,0.17057937125042086,0.34881321532553333,16.534979343414307,1.2113968780416293,0.6211363099541143
16.5645854473114,0.17121907493537547,0.34881321532553333,16.5645854473114,1.2097361375278526,0.6295293914029029
16.59962296485901,0.1714746458069145,0.34881321532553333,16.59962296485901,1.2090263168503177,0.6328822465346848
16.634715795516968,0.14596107442680809,0.4233261502519208,16.634715795516968,1.2080187878955908,0.6364789327668225
16.661935567855835,0.1462475824901768,0.4233261502519208,16.661935567855835,1.2069948726568451,0.6406705448288059
16.702646493911743,0.1466354438361079,0.4233261502519208,16.702646493911743,1.2055105935231214,0.6463339554578127
16.72976279258728,0.13070249239453943,0.36838357997056187,16.72976279258728,1.2048928574756923,0.6486008275967995
16.76228427886963,0.1309864919266268,0.36838357997056187,16.76228427886963,1.203485197183074,0.6535179192258471
16.794820547103882,0.11874184856409706,0.3065061790891018,16.794820547103882,1.2031465777890225,0.6547089173866636
16.82776713371277,0.11899317572131367,0.3065061790891018,16.82776713371277,1.2014263219937251,0.6603778633968436
16.86746621131897,0.12145042917588944,0.30651405869403014,16.86746621131897,1.200661059362466,0.6627833294958704
16.898363828659058,0.1227412920749086,0.246716647496736,16.898363828659058,1.19917284057,0.6675315645779486
16.93340229988098,0.12397566202351619,0.24672842857697372,16.93340229988098,1.198032528548173,0.6709865249673366
16.96678853034973,0.12385024351943073,0.24671446206320588,16.96678853034973,1.1964857429957056,0.6755396026896613
17.000808238983154,0.12627128736932308,0.24673189704931353,17.000808238983154,1.1952093340511518,0.6791990144278456
17.02825140953064,0.058219933171821614,0.20019998687246054,17.02825140953064,1.1965398501880578,0.6751776925952288
17.063172578811646,0.0589381649737931,0.20019998687246054,17.063172578811646,1.1961439433078802,0.6762803452401652
17.093666076660156,0.08139902977339478,0.18020792346126766,17.093666076660156,1.1951306212010817,0.6791392704026166
17.129008054733276,0.08324928492039373,0.18020792346126766,17.129008054733276,1.1937051175620583,0.6829885082593451
17.16239023208618,0.08472573483040555,0.18020792346126766,17.16239023208618,1.1925176203990642,0.6861120234940447
17.19370198249817,0.0882663208927733,0.19544284733860265,17.19370198249817,1.1915022926576444,0.6887330804426303
17.23001980781555,0.08976264577592993,0.19544284733860265,17.23001980781555,1.190187401202744,0.6920517633335851
17.26158094406128,0.09050436043201282,0.19544284733860265,17.26158094406128,1.1895176600621062,0.6937135848906554
17.298571348190308,0.09127958462527795,0.19544284733860265,17.298571348190308,1.1888049711434578,0.6954623453010268
17.33192491531372,0.11222672423793413,0.2734646959233194,17.33192491531372,1.1858820947633884,0.7024275943553551
17.362619161605835,0.11299098718702173,0.2734646959233194,17.362619161605835,1.1850101142975484,0.7044273450704036
17.39493227005005,0.13688500492096792,0.3041451411252024,17.39493227005005,1.181726895964792,0.7118093814609737
17.428755283355713,0.13859919308467122,0.3041451411252024,17.428755283355713,1.1793951747320712,0.7168073691512522
17.461408853530884,0.13988501366500908,0.3041451411252024,17.461408853530884,1.1775925800893752,0.7205809376830438
17.50173830986023,0.1407484222084155,0.3041451411252024,17.50173830986023,1.176349550500341,0.7231231373950807
17.5282723903656,0.19594788724997533,0.45322133731448966,17.5282723903656,1.170361691074461,0.734922682349961
17.567328929901123,0.19749597058051155,0.45322133731448966,17.567328929901123,1.1676325865253547,0.7399991440336967
17.60062026977539,0.19960539459734258,0.45322133731448966,17.60062026977539,1.1637556353947167,0.7469126297479866
17.629485368728638,0.20703395730758878,0.45895746975897145,17.629485368728638,1.1614150980334683,0.7509861157070636
17.669492483139038,0.209756515445867,0.45895746975897145,17.669492483139038,1.1560438002211655,0.7599481295709699
17.699918508529663,0.27764091647668754,0.39870001597062454,17.699918508529663,1.1508510807262942,0.7688154227051889
17.729369163513184,0.2835042761996714,0.379100024523162,17.729369163513184,1.1447786958794464,0.7783798777973273
17.761773586273193,0.2866496608235625,0.3671000201749957,17.761773586273193,1.140155891053288,0.7854867848271847
17.797740936279297,0.3305051442024684,0.3569741689391308,17.797740936279297,1.1314516017020022,0.7986367454257015
17.829039812088013,0.33274998431283087,0.3569741689391308,17.829039812088013,1.1276909225911047,0.8041037279764985
17.867008447647095,0.33670283953267877,0.35695740555548305,17.867008447647095,1.1180914255489443,0.8177270972006286
17.899489164352417,0.33864832070949713,0.35695740555548305,17.899489164352417,1.114117982592626,0.8232049173195024
17.930131673812866,0.37936491494690844,0.3617614481025591,17.930131673812866,1.1077397903942907,0.8320501356673098
17.96361756324768,0.38445112857693337,0.3617614481025591,17.96361756324768,1.0962527932055421,0.8472667065529956
18.000483751296997,0.38851146544058135,0.3617614481025591,18.000483751296997,1.0867614461126909,0.8593972202775046
18.028937101364136,0.30339202150481986,0.45368082187652864,18.028937101364136,1.0852884931199156,0.8604966152279699
18.060293674468994,0.30689706223866886,0.45368082187652864,18.060293674468994,1.077481976123579,0.8697588432481962
18.098596811294556,0.30867268810591414,0.45368082187652864,18.098596811294556,1.0734294930767552,0.8744374006103469
18.132435083389282,0.25564641517604536,0.6338736307587408,18.132435083389282,1.0700934567094889,0.8773274228645287
18.1653311252594,0.25874226185158483,0.6338736307587408,18.1653311252594,1.0629923339513232,0.8847348506613508
18.19473695755005,0.259643150739684,0.6169000059486819,18.19473695755005,1.0593769309706267,0.8883927950279173
18.233224153518677,0.2415147040691612,0.6175807640265726,18.233224153518677,1.0519220583484585,0.8954386363415229
18.266420602798462,0.24439318705327687,0.6175807640265726,18.266420602798462,1.044819187392877,0.9019138704647308
18.296096563339233,0.1317834977143251,0.624953176379582,18.296096563339233,1.0475981646262091,0.8988372023769252
18.32754349708557,0.13355206042043757,0.624953176379582,18.32754349708557,1.0435352333948589,0.902240741868859
18.36124014854431,0.13443717544172917,0.624953176379582,18.36124014854431,1.041447207330515,0.9039193627374409
18.397562503814697,0.13617982947684495,0.6249822402730671,18.397562503814697,1.0392440892784138,0.9056469970500803
18.43078303337097,0.11484865774116759,0.5612472206246492,18.43078303337097,1.03639327500216,0.907665263526189
18.463624477386475,0.1152980583046182,0.5612472206246492,18.463624477386475,1.0326884363334063,0.9103251346949062
18.498453378677368,0.11563811964204099,0.5612472206246492,18.498453378677368,1.0298420338527496,0.9122975957428631
18.528905630111694,0.09983525617825102,0.4996457833606325,18.528905630111694,1.0280282933466662,0.9134167488296306
18.56022882461548,0.10003281454969219,0.4996457833606325,18.56022882461548,1.0263452100424288,0.9145068623159044
18.601304054260254,0.07784193017694335,0.3278872804665992,18.601304054260254,1.026574450312741,0.9143173500138986
18.62807607650757,0.07922086972876671,0.35289997873334267,18.62807607650757,1.0234187923492737,0.9163077244849593
18.6607186794281,0.07951300217261412,0.35289997873334267,18.6607186794281,1.0207475550152962,0.9179352236921995
18.69686007499695,0.07973571792817624,0.3539999992081479,18.69686007499695,1.0186915630994424,0.9191586394564412
18.72768759727478,0.12124547352485375,0.33550002313935695,18.72768759727478,1.0113867277990864,0.9235344324482104
18.76189112663269,0.12094078573080684,0.33550002313935695,18.76189112663269,1.0092796722451638,0.9247188253207166
18.795153617858887,0.12046843265584833,0.33550002313935695,18.795153617858887,1.0060114311683839,0.9265272350252269
18.828303575515747,0.13169067335516085,0.3332999851762733,18.828303575515747,1.0006121459556083,0.9294634049343641
18.860679626464844,0.12987286251896804,0.3332999851707206,18.860679626464844,0.9983166125734613,0.9306686939621134
18.895723581314087,0.12836139808997418,0.32130000667302244,18.895723581314087,0.992590331500276,0.9335878406026444
18.928422212600708,0.13541024795271095,0.32130005492274943,18.928422212600708,0.9896092899243203,0.9350830779082457
18.962631702423096,0.13478889835169444,0.3234999978010043,18.962631702423096,0.9834839448511772,0.9380315366363848
18.998688220977783,0.1343379421592652,0.3234999978010043,18.998688220977783,0.9810390891355698,0.9391726389035259
19.02819061279297,0.1283162212924783,0.33397416096021826,19.02819061279297,0.9767130075997401,0.9411172895583472
19.063125371932983,0.12921319512857227,0.33398266921478786,19.063125371932983,0.9731938988872338,0.9426724874601585
19.097861289978027,0.13025433229971603,0.33398625246949815,19.097861289978027,0.9683959276204359,0.9447197359963642
19.130353689193726,0.14991994943281461,0.3597514656766398,19.130353689193726,0.9642175812426876,0.9464891236139885
19.162208795547485,0.15193962783182344,0.3597566876538474,19.162208795547485,0.9571939306995113,0.9492960426412722
19.19871687889099,0.15144675568877117,0.3597460410471542,19.19871687889099,0.9544369636278114,0.9503557244562832
19.22843647003174,0.12776673078439305,0.20921913071863457,19.22843647003174,0.9515592153747463,0.9514996459507298
19.263728380203247,0.1284591634843182,0.20922516389085255,19.263728380203247,0.9479845571754426,0.9528523840048087
19.296186685562134,0.1295479036920508,0.2092297473921074,19.296186685562134,0.9431260870079238,0.9546453746308154
19.329330921173096,0.1496765654156156,0.1587101907517584,19.329330921173096,0.9389657269453208,0.9562312514206128
19.364630937576294,0.15175768695539857,0.1587217399606313,19.364630937576294,0.9318566546444134,0.958796753406621
19.401466846466064,0.15247228965601986,0.1587217399606313,19.401466846466064,0.9289922358828485,0.9598114994616781
19.43197798728943,0.1381705864148535,0.19931011015644604,19.43197798728943,0.9246905176929386,0.961234764986196
19.47131586074829,0.13983823080819216,0.19931011015644604,19.47131586074829,0.9208851205025338,0.962520914827886
19.50259494781494,0.14283784895881296,0.19580000117249927,19.50259494781494,0.9155078558564456,0.9642946255478623
19.527926206588745,0.11561423411996763,0.2045999779165515,19.527926206588745,0.9154734931759255,0.9642650274422587
19.565277099609375,0.1184058703254264,0.2045999779165515,19.565277099609375,0.9098673248093395,0.9660374314947296
19.59672474861145,0.11955908343568336,0.2045999779165515,19.59672474861145,0.9076211470738522,0.9667281940089851
19.63269019126892,0.09496176373262939,0.2321457645064308,19.63269019126892,0.9059462600153962,0.9671831866344474
19.66441512107849,0.09716915185129417,0.2321457645064308,19.66441512107849,0.9031818452662811,0.9679913445225705
19.696245670318604,0.10197289323280066,0.23214903296799208,19.696245670318604,0.899294765443054,0.9690876955650876
19.72845697402954,0.06926105493506131,0.1322163495021331,19.72845697402954,0.9005713585781703,0.9687144819663274
19.760847330093384,0.07382010110718247,0.1322163495021331,19.760847330093384,0.8971404252686108,0.9696649386658852
19.797032594680786,0.07665380577683352,0.110800007807612,19.797032594680786,0.8956884804143999,0.9700648585891017
19.830530405044556,0.06549923816892007,0.11189999660210319,19.830530405044556,0.8942179796611578,0.9704484303672497
19.860175132751465,0.06832792063525472,0.11189999660210319,19.860175132751465,0.8923004938300048,0.9709580175484713
19.902059316635132,0.07214890222393193,0.119499995778436,19.902059316635132,0.8895784002388554,0.9716681992051265
19.93190908432007,0.019852997150702163,0.1195000997579575,19.93190908432007,0.8932049111160851,0.9706902210196604
19.964505910873413,0.021703169325584793,0.10750001199206771,19.964505910873413,0.8924296482913125,0.9708867705334618
19.995630502700806,0.02249698660867068,0.10750001199206771,19.995630502700806,0.8920197084415122,0.9709889645548648
20.028622150421143,0.02020329441801527,0.11480702378219872,20.028622150421143,0.8914684511251888,0.9711192108994027
20.06404948234558,0.02138250676703085,0.11480702378219872,20.06404948234558,0.8910637305194185,0.9712164494734542
20.094788312911987,0.023738695775832507,0.11480702378219872,20.094788312911987,0.8901855806456235,0.971424208618063
20.131332397460938,0.00607762371677676,0.09744240927866472,20.131332397460938,0.8914811143585502,0.9711078495748504
20.16505217552185,0.008441789845256098,0.09744200230954514,20.16505217552185,0.8912020226172099,0.9711720953772558
20.19465947151184,0.009669677690687306,0.09744200230954514,20.19465947151184,0.8910252737094105,0.9712121879251513
20.22814702987671,0.009721125012779452,0.02900001819620352,20.22814702987671,0.8908377653112624,0.9712559247399113
20.262940168380737,0.010944358949608561,0.02900001819620352,20.262940168380737,0.8906363005925066,0.9713016926833191
20.295394897460938,0.01220132531577509,0.02900001819620352,20.295394897460938,0.8904044038155212,0.971354232675029
20.33155608177185,0.00030783292051393,0.028124926339671213,20.33155608177185,0.8912448490148824,0.9711619784341494
20.36064100265503,0.0009297363600609093,0.028114958146863243,20.36064100265503,0.8912571654246837,0.9711601163932954
20.3966646194458,0.0006206683175115884,0.028108802835151235,20.3966646194458,0.8912933396100097,0.9711525598924139
20.429072618484497,0.020331692612614763,0.0903763159386044,20.429072618484497,0.8890610486717133,0.9716496993557281
20.464646339416504,0.019827352428368798,0.09036912180556986,20.464646339416504,0.8886863269770935,0.9717303951536767
20.504064321517944,0.019760211147327542,0.09036912180556986,20.504064321517944,0.8882874432374595,0.9718152614704069
20.536341667175293,0.018772339018649536,0.09439999884222511,20.536341667175293,0.8873695114917634,0.9720074580014191
20.562615871429443,0.025929135182241315,0.0944000368715475,20.562615871429443,0.8857913092733922,0.9723357450650083
20.600615978240967,0.02603505356829931,0.0944000368715475,20.600615978240967,0.8850273485466678,0.9724899447754051
20.629454374313354,0.026076044147724332,0.0944000368715475,20.629454374313354,0.8847306904439769,0.9725489492164189
20.660415172576904,0.019246813933929133,0.11220541301603255,20.660415172576904,0.8843626323426971,0.9726147656661901
20.6961030960083,0.019391570220156546,0.11220541301603255,20.6961030960083,0.8839706842969721,0.9726898528332419
20.73189616203308,0.011857188335656821,0.05577999071719966,20.73189616203308,0.8837915474019233,0.9727220966466843
20.763271808624268,0.012111969611774376,0.05577999071719966,20.763271808624268,0.8833241179430802,0.9728098740158427
20.802268981933594,0.012304690504924687,0.05577999071719966,20.802268981933594,0.8829638335394981,0.9728769129195611
20.832587003707886,0.018997887758981202,0.037752405938412004,20.832587003707886,0.8816332725036453,0.9731284908278568
20.863962173461914,0.018382405233672277,0.037752405938412004,20.863962173461914,0.8812654988636747,0.973196175878503
20.89672017097473,0.0176848891947523,0.030000003195287377,20.89672017097473,0.8809075132727331,0.9732623588796838
20.928773641586304,0.05078684721789675,0.031099972016109843,20.928773641586304,0.8765539130628927,0.9740642306061507
20.96769142150879,0.04678525527492451,0.031099971994844915,20.96769142150879,0.8747176176650177,0.9743978446315621
20.998955488204956,0.044645021033164554,0.031099971994844915,20.998955488204956,0.8733722386045878,0.9746402734776399
21.027634620666504,0.05959004260521211,0.02350000388758209,21.027634620666504,0.8697435040363564,0.9752939008954854
21.060399055480957,0.058300160881448806,0.02350000388758209,21.060399055480957,0.8685838697714773,0.9755008375935434
21.095059633255005,0.05635940699584151,1.6780541942096328e-08,21.095059633255005,0.8668867981723579,0.9758030921792346
21.12935495376587,0.05376718222896725,1.6780541942096328e-08,21.12935495376587,0.8647095510962167,0.9761901862189342
21.1631121635437,0.05572614772355855,-1.4212226180643217e-08,21.1631121635437,0.8620974822871948,0.9766552374622594
21.19900941848755,0.05348834052814661,-1.421409258079175e-08,21.19900941848755,0.8604942472166625,0.9769406316293024
21.23007822036743,0.050768245922720626,0.022399984031239117,21.23007822036743,0.8584380971867402,0.9773058104621254
21.260931730270386,0.04675082558179348,1.9317132992149877e-08,21.260931730270386,0.8577167161273479,0.9774332347602905
21.29441475868225,0.04540378814949154,4.885098181361181e-14,21.29441475868225,0.856819618566749,0.9775918521723301
21.334357500076294,0.041986138202315434,2.022648519385413e-25,21.334357500076294,0.8546612188281888,0.9779734826604192
21.362099170684814,-0.006293173583502391,-0.018999976147803143,21.362099170684814,0.8582555733637617,0.9773364495382484
21.398017406463623,-0.008385862539418499,-0.01899997614780314,21.398017406463623,0.8584257139150258,0.977306477877004
21.42803716659546,-0.012153358676793475,-0.01899999999997616,21.42803716659546,0.8589312758443894,0.9772166607122235
21.461070775985718,-0.008569949123166469,-9.62569409271327e-09,21.461070775985718,0.8587248558245419,0.9772529309602133
21.49973440170288,-0.011845406697889542,-6.028817703414526e-20,21.49973440170288,0.8591490405101301,0.9771773494112799
21.534326791763306,-0.013972949133199575,-1.0035116652296567e-25,21.534326791763306,0.8595307819010508,0.9771092250485686
21.56293296813965,0.0033244437796582124,-1.9120568961046625e-19,21.56293296813965,0.8578687170632784,0.9774051932553649
21.5979425907135,0.0015897998836238714,-1.9120524075656123e-19,21.5979425907135,0.8578361860923615,0.9774110385178492
21.630590438842773,0.0004729674292367349,-2.338528154248122e-25,21.630590438842773,0.8578040473744009,0.9774167576607463
21.665756940841675,-0.001517231318678278,-1.8607084451567614e-15,21.665756940841675,0.8577238957231197,0.9774310505494883
21.698922872543335,-0.004116181829101531,-1.1759428863646404e-26,21.698922872543335,0.8578362560595212,0.9774109996852817
21.728841304779053,-0.0045250046601785915,-2.9311668199001454e-32,21.728841304779053,0.8578776547030115,0.9774035894516554
21.764171600341797,-0.004602457624844591,1.2573569029943818e-19,21.764171600341797,0.8578850352328916,0.9774022497354545
21.796794891357422,-0.005707895171808517,3.146452767468916e-25,21.796794891357422,0.8579927422610638,0.9773830316547664
21.830216884613037,-0.006408183615360231,1.9674761463800922e-36,21.830216884613037,0.8581859510299095,0.977348534092411
21.86280846595764,-0.007420451814115928,4.789216085292267e-14,21.86280846595764,0.85843274838176,0.9773044781086138
21.897403478622437,-0.008911601779831538,2.9989914303347516e-25,21.897403478622437,0.8587653568640232,0.9772451239624355
21.930234909057617,-0.009035542537287809,1.8724596310666997e-36,21.930234909057617,0.8590786914788183,0.9771891960883331
21.96303129196167,-0.0036834980418148596,-1.853906919946663e-14,21.96303129196167,0.8587259523034526,0.9772521467895225
21.9961576461792,-0.004486157344246834,-4.62538062281929e-20,21.9961576461792,0.8588155245740259,0.9772361643671988
22.028178215026855,-0.003337402416069226,1.1470193821659647e-08,22.028178215026855,0.8588420313304418,0.9772314331655033
22.060552835464478,-0.003447927942083843,2.860661106593408e-14,22.060552835464478,0.8589094529614907,0.9772194006858188
22.09574055671692,-0.00508238244569617,1.193803747913814e-25,22.09574055671692,0.8591318995611275,0.9771797109348574
22.12949013710022,-0.005321807239880956,7.435868295137222e-37,22.12949013710022,0.8593070817314574,0.9771484508615829
22.16240382194519,-0.009457959138091124,-6.137106485951075e-14,22.16240382194519,0.859804343087743,0.9770597189655524
22.19804573059082,-0.010167221270649087,-1.0243271487537794e-19,22.19804573059082,0.8600983156267876,0.9770072647712453
22.228299140930176,-0.010739391605806196,-6.397672133142914e-31,22.228299140930176,0.8605056900766784,0.9769345746561255
22.262810468673706,-0.003069914134883566,-1.322513196954852e-19,22.262810468673706,0.8600502664432846,0.9770158386471313
22.296196222305298,-0.003918876598133389,-2.204636370319379e-25,22.296196222305298,0.8601658036044476,0.9769952234539095
22.331810235977173,-0.004005699134640644,-1.3779856933215467e-36,22.331810235977173,0.8603032930580486,0.9769706901418845
22.36256980895996,0.0012297613321297096,-6.914908758548799e-14,22.36256980895996,0.859880749344269,0.9770460867089137
22.397643089294434,0.0007940705289438007,-1.7300922469395345e-19,22.397643089294434,0.859864427331816,0.9770489994273921
22.431129693984985,-0.00020551995980117634,-7.225839654960834e-31,22.431129693984985,0.8598589839281925,0.9770499708963644
22.462646961212158,0.0064457241509670495,8.656542883075476e-20,22.462646961212158,0.859096818061475,0.9771859679382588
22.496920824050903,0.0057205543098452485,2.164423336703856e-25,22.496920824050903,0.8589867716021101,0.9772056042643813
22.532071590423584,0.005084723585315504,9.001212805005892e-37,22.532071590423584,0.8587123512041781,0.9772545704367293
22.563296794891357,-0.002390225781524808,6.480466191336153e-14,22.563296794891357,0.8593288250108312,0.9771445697633175
22.60076880455017,-0.0033819051625521377,4.0540149999608903e-25,22.60076880455017,0.8594496610722594,0.9771230084909828
22.635404348373413,-0.003835753757442485,6.211363368376903e-31,22.635404348373413,0.8595615030703546,0.9771030519404763
22.663511753082275,-0.009279542128990154,-2.698651659969524e-19,22.663511753082275,0.8602913665768693,0.9769728186013158
22.696332454681396,-0.009982766662998386,-6.760101186272939e-25,22.696332454681396,0.8604924773201874,0.9769369334457417
22.73159646987915,-0.010934880975416252,-2.8166798401881998e-36,22.73159646987915,0.8610133295747205,0.9768439951415627
22.762916564941406,-0.0038332566102420047,-7.917265997809504e-14,22.762916564941406,0.860553859126412,0.9769259807621822
22.79845142364502,-0.005119013551976436,-4.95232078703913e-25,22.79845142364502,0.8607412731145134,0.9768925395726352
22.829540252685547,-0.0055649585930818805,-1.2373771919241445e-30,22.829540252685547,0.8608458164039214,0.976873885381517
22.86264967918396,-0.0004011525174071901,7.716576499364961e-15,22.86264967918396,0.8604891011124286,0.9769375361299104
22.894051551818848,-0.0011213429799101422,1.9334057512339375e-20,22.894051551818848,0.8605161710930199,0.976932706970128
22.93005132675171,-0.0020477762765079345,1.207186548546988e-31,22.93005132675171,0.8605844519267982,0.9769205261945393
22.96094822883606,0.007367413277563312,1.088293626499156e-08,22.96094822883606,0.859636997483297,0.9770895542279526
22.9960458278656,0.00609246288906354,2.729567079585678e-20,22.9960458278656,0.8593875158181272,0.977134060186608
23.028690338134766,0.005769824033543577,6.79545609780784e-26,23.028690338134766,0.8591334385415799,0.9771793853207926
23.061654567718506,0.006190448230165715,1.9872074702788625e-13,23.061654567718506,0.8589026500339939,0.9772205560262462
23.097967624664307,0.005676364588226914,1.1308690150799275e-18,23.097967624664307,0.8587905067388969,0.9772405616760205
23.134544134140015,0.0047687005611571276,9.039359090459911e-30,23.134544134140015,0.8585919239314361,0.9772759873309272
23.162155389785767,0.007509222216152137,8.333971762148044e-14,23.162155389785767,0.8582470720344455,0.9773375061089437
23.199018239974976,0.006373720163489784,3.4878017553507583e-25,23.199018239974976,0.8579124612305279,0.9773971981551497
23.228347778320312,0.005686148007186004,8.70121404452534e-31,23.228347778320312,0.8578033952164278,0.9774166547086677
23.262381315231323,-0.0006267414698222163,-2.1762131311238344e-14,23.262381315231323,0.8582339111543594,0.977339853448115
23.297316074371338,-0.0012067534332059191,-3.6300554352700794e-20,23.297316074371338,0.8582660296630789,0.9773341227286119
23.328323125839233,-0.002402190871670748,-2.2673195123673063e-31,23.328323125839233,0.8583556769235285,0.9773181274509345
23.362617254257202,0.00760613488242973,1.7964993564999922e-19,23.362617254257202,0.8573270749458678,0.9775016492378942
23.396049737930298,0.006907580038391105,2.9981133305735633e-25,23.396049737930298,0.8571251445665442,0.9775376784424781
23.427870512008667,0.006530747288571027,1.871470601266747e-36,23.427870512008667,0.8568550016621521,0.9775858786814041
23.46384286880493,-0.007306742359382793,-3.881508204324842e-14,23.46384286880493,0.8580956316689772,0.9773645221221294
23.496241331100464,-0.007557618591250759,-9.61036287905269e-20,23.496241331100464,0.8582445941028107,0.9773379434334897
23.533804893493652,-0.008862873644195376,-4.0323681109134e-31,23.533804893493652,0.8586651273204187,0.9772629096507123
23.561962842941284,-0.0005794454307268955,1.6964613927259676e-19,23.561962842941284,0.8581073066081284,0.9773624385336308
23.597105503082275,-0.0011727029954370144,4.246647159788404e-25,23.597105503082275,0.8581327479544565,0.9773578990625311
23.63341999053955,-0.0022242208283009836,7.079117031932377e-31,23.63341999053955,0.8582005337941349,0.97734580429521
23.66413116455078,0.0005742923271783877,1.640933066044009e-14,23.66413116455078,0.8579898781182683,0.977383390378845
23.697386980056763,-0.00041710365804088583,1.0292351817583687e-25,23.697386980056763,0.8579968842125213,0.9773821403774925
23.7331326007843,-0.0012670792393940384,1.7150961153213239e-31,23.7331326007843,0.8580317378866823,0.9773759221341742
23.76542353630066,-0.004183183394321146,1.7075240693336048e-19,23.76542353630066,0.8583989264731773,0.9773104111135578
23.798688650131226,-0.004314117017641781,4.282581456643586e-25,23.798688650131226,0.858482309169263,0.9772955348411488
23.829007148742676,-0.005504588844309737,1.7638556127052323e-36,23.829007148742676,0.8587490864747962,0.9772479392828585
23.864213466644287,0.0034989436777711556,6.464267609494048e-14,23.864213466644287,0.8579888840269585,0.9773835672907685
23.89566135406494,0.002437852836405879,4.0456801577553905e-25,23.89566135406494,0.8578809746966269,0.9774028194411989
23.93083930015564,0.0015650138430963374,1.0110026291100562e-30,23.93083930015564,0.8578565110218599,0.9774071840419479
23.96276044845581,-0.003361627940532835,-9.27875835857851e-15,23.96276044845581,0.8582983633450288,0.9773283513480431
23.995937824249268,-0.0037925982513969067,-2.3211476968282125e-20,23.995937824249268,0.8583733649241727,0.9773149682675992
24.031532287597656,-0.005035813081737848,-1.4522367440696055e-31,24.031532287597656,0.8585670079569323,0.9772804151023786
24.063117504119873,-0.006706876060619658,-1.3432710664271208e-09,24.063117504119873,0.8588727816768522,0.977225854847299
24.09941816329956,-0.007320544565283067,-8.421132569241122e-21,24.09941816329956,0.8591513875066707,0.9771761350677343
24.131530284881592,-0.008050831508535097,-5.257224337262274e-32,24.131530284881592,0.8594596588745705,0.9771211212393808
24.16335964202881,-0.0005726737322711947,3.357978639673741e-14,24.16335964202881,0.8589158422331347,0.9772181656704796
24.196723699569702,-0.0008011288979603874,8.408289631894129e-20,24.196723699569702,0.858931257526495,0.9772154145833688
